Age,mg25_ppm
63704,860.7638607
63705,813.2288403
63706,746.5350842
63707,721.5245066
63708,714.4396091
63709,678.5453926
63710,632.4371725
63711,578.961344
63712,566.2134447
63713,642.3095783
63714,750.1142668
63715,816.4569811
63716,784.0965107
63717,723.2351416
63718,760.0317052
63719,884.7404245
63720,982.401755
63721,1008.272922
63722,1007.075608
63723,1049.852745
63724,1122.085873
63725,1215.911762
63726,1289.364529
63727,1260.719346
63728,1142.702064
63729,1022.942577
63730,957.8463498
63731,952.9460863
63732,993.2112563
63733,1016.542433
63734,1047.181405
63735,1059.40763
63736,1044.838855
63737,1016.090468
63738,1012.942905
63739,1098.060938
63740,1211.938551
63741,1376.801109
63742,1565.597878
63743,1703.369839
63744,1695.079881
63745,1664.184179
63746,1790.690215
63747,1960.837336
63748,2070.639799
63749,1988.550543
63750,1697.263457
63751,1384.353339
63752,1156.940368
63753,1001.568042
63754,872.4798686
63755,816.0799302
63756,913.8800793
63757,1190.180449
63758,1391.365084
63759,1386.021624
63760,1299.878977
63761,1316.684259
63762,1531.119221
63763,1657.906235
63764,1621.180972
63765,1501.102395
63766,1370.359567
63767,1272.787026
63768,1337.329527
63769,1530.642857
63770,1671.526529
63771,1837.143434
63772,2107.180734
63773,2331.502368
63774,2292.443995
63775,1914.245202
63776,1494.608152
63777,1296.540397
63778,1331.757648
63779,1556.852011
63780,1720.28178
63781,1751.152827
63782,1740.418292
63783,1770.588905
63784,1803.498688
63785,1801.711919
63786,1728.21594
63787,1636.370149
63788,1586.225619
63789,1567.407246
63790,1580.497913
63791,1492.470957
63792,1373.862565
63793,1344.466774
63794,1441.514686
63795,1558.344819
63796,1511.228337
63797,1293.185505
63798,1017.792202
63799,904.2991766
63800,1008.546276
63801,1100.867767
63802,1017.810809
63803,821.2489059
63804,704.1720894
63805,694.735443
63806,700.4132688
63807,666.2581462
63808,798.8387314
63809,1063.91346
63810,1245.144512
63811,1210.61265
63812,1017.910756
63813,900.7360865
63814,873.8589821
63815,836.6230677
63816,789.4441377
63817,742.9468083
63818,702.7890183
63819,674.3097185
63820,730.6976428
63821,922.4255139
63822,1104.511803
63823,1058.563454
63824,873.701818
63825,663.2938721
63826,590.7486957
63827,595.9208266
63828,598.1919875
63829,670.2703848
63830,743.24578
63831,787.6726772
63832,775.5562094
63833,712.3809522
63834,677.196477
63835,661.3950971
63836,623.3312563
63837,623.2402544
63838,654.304298
63839,646.3924617
63840,590.7785637
63841,515.6187913
63842,551.7087853
63843,654.5853633
63844,726.5559333
63845,846.8858277
63846,984.7467288
63847,1078.259802
63848,1038.806653
63849,909.011421
63850,827.5973282
63851,876.7613479
63852,890.9416378
63853,820.4688973
63854,679.6861279
63855,589.4065148
63856,609.0335858
63857,629.9958175
63858,620.0410084
63859,591.5512044
63860,563.0024557
63861,605.1390374
63862,676.6837236
63863,760.0935668
63864,834.6584136
63865,865.390535
63866,885.8050875
63867,915.0623123
63868,935.0617629
63869,946.057238
63870,921.0963669
63871,919.9150661
63872,990.9067672
63873,1016.811507
63874,1013.615108
63875,939.8049709
63876,881.8581419
63877,847.3588279
63878,834.892703
63879,865.4711728
63880,920.1799752
63881,971.7762135
63882,1005.661451
63883,995.923283
63884,939.0161205
63885,873.5489041
63886,825.4660235
63887,798.2624165
63888,779.7204625
63889,729.1284436
63890,677.159125
63891,645.5750936
63892,635.3287064
63893,638.2451216
63894,593.8056195
63895,535.8561302
63896,518.284445
63897,630.8038471
63898,737.3992713
63899,698.8549523
63900,611.2438066
63901,525.3075847
63902,457.3585373
63903,382.4327154
63904,276.032926
63905,267.2394248
63906,278.4511242
63907,268.9586467
63908,269.6433716
63909,282.5898504
63910,274.1415594
63911,260.3463252
63912,264.4342855
63913,271.7418629
63914,274.4429678
63915,261.6938867
63916,247.6688952
63917,256.6502159
63918,272.4141294
63919,278.3720942
63920,294.3742355
63921,318.4941749
63922,329.6833209
63923,356.5082087
63924,381.2314943
63925,389.6587758
63926,387.2798565
63927,341.1150318
63928,359.2582003
63929,398.4419055
63930,419.5142469
63931,397.9631168
63932,350.1700369
63933,329.6651129
63934,336.0519446
63935,347.0390867
63936,339.3513919
63937,327.6609044
63938,334.4390841
63939,380.0093337
63940,420.1713382
63941,398.66864
63942,351.30459
63943,334.6725453
63944,344.8931649
63945,400.1052718
63946,450.2784567
63947,512.750409
63948,565.7566152
63949,583.280262
63950,583.4733806
63951,572.1815675
63952,606.7305932
63953,651.4102498
63954,697.4479914
63955,701.2620103
63956,691.4650476
63957,683.6975904
63958,704.0900286
63959,736.9686592
63960,718.0156615
63961,665.3122663
63962,621.5437563
63963,599.7110748
63964,579.2226761
63965,567.7108064
63966,545.3160859
63967,517.8259494
63968,504.5171812
63969,497.4997328
63970,496.4547214
63971,480.8441192
63972,457.0237852
63973,446.0223008
63974,416.5347656
63975,388.6497981
63976,369.5684826
63977,377.3220749
63978,355.6557116
63979,355.7897324
63980,375.827566
63981,392.6730957
63982,405.3388721
63983,430.2064369
63984,432.713595
63985,433.6603727
63986,408.139133
63987,409.1241055
63988,438.4816136
63989,477.892175
63990,477.1330225
63991,476.3153435
63992,438.7003916
63993,449.7240426
63994,478.4168862
63995,490.9840381
63996,479.3966248
63997,446.0147682
63998,427.9770259
63999,449.6530698
64000,456.5907361
64001,457.9315572
64002,431.832574
64003,443.2210469
64004,500.1184433
64005,521.0540951
64006,510.2592859
64007,492.715247
64008,464.1709332
64009,474.1282968
64010,460.9222751
64011,435.8203206
64012,432.3533527
64013,415.0947312
64014,403.0792751
64015,396.2615528
64016,389.5419105
64017,387.8535458
64018,376.3283553
64019,366.7629274
64020,374.0462883
64021,377.4304687
64022,369.9121295
64023,369.0979353
64024,364.390776
64025,369.5615734
64026,372.232229
64027,392.2660962
64028,409.4495464
64029,401.8826225
64030,367.9095768
64031,379.7916273
64032,411.1054401
64033,476.2138251
64034,496.7052019
64035,470.104312
64036,424.3343426
64037,391.5665451
64038,382.8705777
64039,412.3492846
64040,442.7896664
64041,486.6385853
64042,502.7555206
64043,480.9704693
64044,458.6243883
64045,451.6739602
64046,461.7143654
64047,460.5900182
64048,456.4135692
64049,453.7548648
64050,462.4812931
64051,461.628044
64052,450.528771
64053,497.38045
64054,551.555624
64055,564.2710708
64056,578.1825821
64057,576.2834163
64058,581.6924035
64059,620.2046164
64060,666.360991
64061,728.93444
64062,788.308056
64063,772.7614433
64064,737.915478
64065,713.1161042
64066,735.1601044
64067,820.0412806
64068,882.4006321
64069,886.022614
64070,888.8686264
64071,910.5711874
64072,986.948016
64073,1040.749887
64074,1068.036831
64075,1109.241591
64076,1149.889841
64077,1225.295788
64078,1293.261889
64079,1317.051816
64080,1317.264108
64081,1303.478246
64082,1323.737242
64083,1345.746433
64084,1291.565014
64085,1244.976076
64086,1236.962068
64087,1228.527525
64088,1205.1589
64089,1121.795592
64090,1049.574941
64091,1039.297965
64092,1027.491251
64093,985.2191508
64094,943.2841184
64095,918.912008
64096,930.3949158
64097,941.6217722
64098,928.4603289
64099,914.8284545
64100,975.2681882
64101,1028.650536
64102,1040.401116
64103,997.8229314
64104,946.5474217
64105,965.4384762
64106,1012.973354
64107,1014.668033
64108,972.7348601
64109,912.7576112
64110,872.6762017
64111,898.3377968
64112,948.927335
64113,958.8426079
64114,964.0864024
64115,962.1598413
64116,949.0264417
64117,941.8537671
64118,900.6411527
64119,871.2018258
64120,890.6504337
64121,883.0939134
64122,887.0402589
64123,897.7979039
64124,909.5962949
64125,896.658526
64126,873.2526956
64127,893.6666404
64128,940.7008634
64129,1003.627292
64130,1076.671885
64131,1118.641928
64132,1135.215306
64133,1103.227597
64134,1111.124681
64135,1189.697572
64136,1229.652316
64137,1231.725274
64138,1332.404669
64139,1424.231556
64140,1487.037384
64141,1426.027883
64142,1364.083364
64143,1339.181711
64144,1397.212724
64145,1408.747547
64146,1462.394443
64147,1501.150515
64148,1514.75998
64149,1473.347847
64150,1447.554
64151,1423.133009
64152,1437.640809
64153,1445.732128
64154,1436.383014
64155,1442.953798
64156,1462.303816
64157,1461.694142
64158,1434.131605
64159,1415.538642
64160,1438.562261
64161,1476.490458
64162,1484.935209
64163,1433.595677
64164,1382.571468
64165,1377.143948
64166,1385.570812
64167,1391.330152
64168,1364.07995
64169,1319.167527
64170,1280.892256
64171,1309.170028
64172,1342.735973
64173,1305.432634
64174,1254.412309
64175,1261.950487
64176,1296.825566
64177,1321.941929
64178,1280.678565
64179,1260.631369
64180,1244.512908
64181,1219.756635
64182,1178.199995
64183,1196.16065
64184,1244.018734
64185,1242.467796
64186,1194.427436
64187,1197.430871
64188,1216.207335
64189,1232.578881
64190,1196.28577
64191,1143.028632
64192,1107.933074
64193,1108.460498
64194,1107.981992
64195,1136.363382
64196,1167.998367
64197,1147.64814
64198,1084.194317
64199,1041.264479
64200,1039.796948
64201,1056.915071
64202,1031.630619
64203,992.9425937
64204,981.2992704
64205,1003.190307
64206,1040.378312
64207,1056.082083
64208,1032.10174
64209,990.8341558
64210,938.3666724
64211,942.887075
64212,1012.470956
64213,1077.692286
64214,1091.014899
64215,1069.995135
64216,1047.008024
64217,1030.180158
64218,1001.726961
64219,972.7617195
64220,987.327068
64221,1018.015709
64222,987.4277218
64223,942.0463142
64224,939.9679362
64225,991.2253123
64226,1016.828375
64227,1003.951185
64228,948.9406095
64229,934.402064
64230,935.7976972
64231,974.0892729
64232,989.6015563
64233,989.6215624
64234,950.5705663
64235,941.5535613
64236,962.8983457
64237,1013.615233
64238,1035.724468
64239,1019.750317
64240,958.1837622
64241,905.2910882
64242,898.7688238
64243,926.6619828
64244,972.7908219
64245,1000.289386
64246,1031.389683
64247,1062.833201
64248,1129.373439
64249,1247.667949
64250,1399.069085
64251,1544.149534
64252,1655.916704
64253,1695.617524
64254,1738.543184
64255,1836.668698
64256,1906.026371
64257,1956.366046
64258,1950.635252
64259,1933.077358
64260,1948.175343
64261,1941.111454
64262,1905.390594
64263,1943.759456
64264,1969.854621
64265,1978.447921
64266,2063.081376
64267,2094.017776
64268,2076.026108
64269,2045.236945
64270,2003.569429
64271,2015.322464
64272,1962.03463
64273,1825.356776
64274,1712.387055
64275,1623.466511
64276,1541.902849
64277,1517.968813
64278,1534.859379
64279,1550.003544
64280,1524.62327
64281,1458.419649
64282,1393.782575
64283,1359.669165
64284,1278.515935
64285,1206.437876
64286,1151.490707
64287,1106.649915
64288,1104.291213
64289,1076.68893
64290,1039.510136
64291,1039.745866
64292,1038.963127
64293,1054.390001
64294,1052.329779
64295,1026.495359
64296,1001.132861
64297,974.8625361
64298,941.0132283
64299,960.1155669
64300,1002.990516
64301,1057.360678
64302,1105.777768
64303,1128.62275
64304,1147.670929
64305,1140.344516
64306,1107.637067
64307,1110.956725
64308,1148.650274
64309,1215.032118
64310,1216.997038
64311,1148.258441
64312,1119.02867
64313,1110.399538
64314,1095.950558
64315,1111.606484
64316,1081.188797
64317,1103.250849
64318,1119.48245
64319,1104.603235
64320,1138.664944
64321,1160.665917
64322,1130.609244
64323,1109.358897
64324,1082.596606
64325,1075.57202
64326,1020.758899
64327,990.0473492
64328,1009.172351
64329,1038.716218
64330,1059.586258
64331,1071.084839
64332,1110.66379
64333,1141.349987
64334,1124.640633
64335,1125.451798
64336,1125.321473
64337,1127.772351
64338,1124.787318
64339,1130.974465
64340,1173.534866
64341,1181.065046
64342,1124.522079
64343,1057.43315
64344,975.2529848
64345,896.2471039
64346,908.7161406
64347,971.6547166
64348,1019.229795
64349,977.5490047
64350,972.0517964
64351,1025.415079
64352,1157.439754
64353,1247.643571
64354,1248.090713
64355,1173.000314
64356,1188.081009
64357,1201.977064
64358,1271.984158
64359,1245.598577
64360,1195.163805
64361,1197.696873
64362,1250.973243
64363,1243.770352
64364,1206.878527
64365,1149.927133
64366,1077.703654
64367,1070.300101
64368,1132.108191
64369,1247.111149
64370,1324.360833
64371,1304.62275
64372,1218.863169
64373,1151.980917
64374,1119.275099
64375,1145.021522
64376,1200.506487
64377,1209.135038
64378,1171.451453
64379,1116.790297
64380,1077.753106
64381,1057.604445
64382,979.3312098
64383,879.5866037
64384,831.1813294
64385,866.6860607
64386,928.4708486
64387,890.001193
64388,842.078629
64389,835.0138758
64390,874.3333523
64391,913.6068767
64392,891.0396487
64393,894.0662214
64394,886.4622128
64395,849.7766747
64396,820.5559392
64397,811.3694242
64398,849.1030866
64399,875.9512653
64400,866.4705188
64401,861.8321089
64402,845.2229141
64403,850.1089722
64404,912.5835013
64405,988.6394068
64406,1042.93172
64407,1034.764597
64408,1005.110267
64409,1006.948073
64410,1045.661552
64411,1052.123659
64412,1033.500375
64413,960.6105589
64414,891.0126972
64415,835.6222568
64416,846.4677099
64417,909.0110311
64418,953.1738507
64419,981.9595348
64420,984.0159067
64421,989.9116548
64422,1010.781012
64423,991.5193441
64424,978.8154412
64425,985.9867709
64426,1030.70269
64427,1077.55521
64428,1086.262506
64429,1079.04371
64430,1044.543654
64431,1024.160999
64432,1002.422409
64433,996.6033314
64434,1020.213578
64435,1015.080163
64436,988.1538363
64437,983.7459362
64438,993.8138429
64439,1011.657666
64440,980.5497312
64441,1017.941232
64442,1054.668795
64443,1081.519433
64444,1065.469491
64445,1044.603586
64446,1063.076423
64447,1076.337593
64448,1042.268238
64449,1028.51084
64450,1035.584703
64451,1048.385768
64452,1055.929251
64453,1039.868144
64454,1065.392963
64455,1101.484346
64456,1133.320998
64457,1119.16859
64458,1099.543697
64459,1082.060503
64460,1076.651723
64461,1056.540861
64462,1048.773086
64463,1026.963888
64464,1039.336685
64465,1047.147192
64466,1062.090486
64467,1044.160485
64468,994.4902101
64469,974.2249285
64470,975.3309863
64471,973.0996738
64472,972.2479333
64473,942.363464
64474,977.8503981
64475,994.238811
64476,963.3212401
64477,937.0210138
64478,891.5726057
64479,860.2981504
64480,911.4662954
64481,945.8153061
64482,1016.562691
64483,1062.405614
64484,1059.743594
64485,1065.948247
64486,1109.895844
64487,1132.197907
64488,1153.914016
64489,1094.12369
64490,1014.706063
64491,959.9402323
64492,944.186611
64493,956.0333874
64494,972.0287387
64495,1001.952793
64496,1034.203402
64497,1024.957596
64498,956.9906283
64499,869.1733634
64500,839.0593504
64501,899.291659
64502,981.4365381
64503,1028.793038
64504,1018.253016
64505,1012.401864
64506,1044.022044
64507,1011.82626
64508,906.4830382
64509,822.6676755
64510,810.6105231
64511,869.9814016
64512,922.5459805
64513,857.8713388
64514,863.7779695
64515,942.072059
64516,998.4043429
64517,975.1240175
64518,876.7225553
64519,841.3386946
64520,911.5292613
64521,893.2468192
64522,868.8083112
64523,887.1670906
64524,981.1198138
64525,1035.085682
64526,979.2299183
64527,881.4413027
64528,797.7094176
64529,745.7735365
64530,751.4968398
64531,746.0482575
64532,740.170981
64533,796.9745453
64534,911.9686137
64535,983.3568303
64536,907.9966029
64537,747.5043899
64538,660.0699422
64539,701.5828378
64540,768.6895111
64541,772.8739636
64542,749.616026
64543,745.69658
64544,754.5093225
64545,757.5735244
64546,779.0942878
64547,836.9294754
64548,880.4566567
64549,832.4794047
64550,721.2479407
64551,615.8833399
64552,671.8808981
64553,788.4333742
64554,854.2378298
64555,876.5734036
64556,868.446263
64557,866.9489885
64558,950.0914751
64559,1025.561778
64560,1074.197209
64561,1031.083587
64562,914.62742
64563,824.5089707
64564,806.2925874
64565,787.2531382
64566,770.1530618
64567,790.7304025
64568,801.9119816
64569,803.4777763
64570,797.7185321
64571,854.8115221
64572,909.4982557
64573,895.4935918
64574,806.9317558
64575,704.8047639
64576,665.1486027
64577,681.5276461
64578,694.5866827
64579,687.102445
64580,642.58538
64581,590.1589592
64582,577.840174
64583,622.1510976
64584,695.2001698
64585,738.8058446
64586,739.5700337
64587,768.2509884
64588,867.6810917
64589,926.2633023
64590,883.2639341
64591,763.9675916
64592,661.5443542
64593,627.4409783
64594,598.9119319
64595,573.7559
64596,617.2935587
64597,690.7251179
64598,715.3811837
64599,686.8660551
64600,633.3839322
64601,636.4389393
64602,776.7737682
64603,908.7802078
64604,950.1733375
64605,867.079495
64606,721.7696436
64607,615.3904903
64608,618.8475991
64609,677.576942
64610,727.7472455
64611,711.2346435
64612,653.2536715
64613,619.7849136
64614,666.7002169
64615,663.4312974
64616,637.101286
64617,648.6655447
64618,678.8589194
64619,725.5789497
64620,769.3307016
64621,804.0653398
64622,889.1723292
64623,964.0841657
64624,960.9551469
64625,888.8805002
64626,785.5710895
64627,741.105523
64628,745.6560606
64629,746.8646889
64630,725.4544032
64631,715.9419141
64632,747.7916815
64633,774.5736907
64634,794.8407943
64635,847.4349437
64636,945.0040325
64637,1011.994493
64638,944.3672704
64639,765.6184745
64640,631.7307572
64641,615.3618343
64642,701.8480875
64643,754.3643751
64644,776.4092576
64645,803.3790695
64646,882.3451633
64647,961.8780871
64648,947.0223209
64649,850.3782063
64650,754.5015546
64651,672.0799041
64652,637.9473794
64653,609.6870336
64654,639.1365386
64655,709.7393119
64656,786.6430713
64657,828.5619321
64658,818.3620536
64659,778.647682
64660,747.0978913
64661,747.7978223
64662,761.2542895
64663,785.9372945
64664,839.7173163
64665,901.5973544
64666,946.7673818
64667,997.8343637
64668,1032.27693
64669,1056.2442
64670,1059.006351
64671,1046.584853
64672,1053.805341
64673,1100.171444
64674,1123.474926
64675,1131.623115
64676,1122.575583
64677,1134.205096
64678,1149.946464
64679,1131.054379
64680,1093.447289
64681,1077.557863
64682,1066.685145
64683,1063.026606
64684,1044.824952
64685,1021.770065
64686,1008.57857
64687,1014.948335
64688,1043.765262
64689,1058.086031
64690,1029.945136
64691,966.5046941
64692,913.53945
64693,927.2967828
64694,912.5612779
64695,894.2751885
64696,875.3987705
64697,840.0237793
64698,801.6729999
64699,772.4948405
64700,773.4442361
64701,825.8799855
64702,846.1769257
64703,851.6182166
64704,831.5749403
64705,803.1043157
64706,783.5387377
64707,808.2782829
64708,853.260798
64709,872.1053122
64710,843.812077
64711,819.2608743
64712,812.6892625
64713,853.5276777
64714,902.6246572
64715,918.8887893
64716,915.8413796
64717,879.3277548
64718,821.6469739
64719,761.625148
64720,743.2483329
64721,807.0519809
64722,901.3996001
64723,939.3489756
64724,915.8194871
64725,918.9226719
64726,987.0494189
64727,970.8207635
64728,873.8821989
64729,737.9690125
64730,679.5006261
64731,711.1514147
64732,713.6967269
64733,731.0621003
64734,751.9578512
64735,772.6109641
64736,788.3396594
64737,801.2834944
64738,830.8669506
64739,873.8618858
64740,895.5341254
64741,850.0693472
64742,786.9105601
64743,750.4336729
64744,729.4899956
64745,683.4028028
64746,691.2967529
64747,799.3685645
64748,917.8944165
64749,939.0918843
64750,884.5559669
64751,883.8966873
64752,988.8460423
64753,1026.126824
64754,971.8330052
64755,851.3337732
64756,781.1722807
64757,782.3015007
64758,773.1210568
64759,801.4003195
64760,844.0156144
64761,878.1239893
64762,881.3948909
64763,855.9576014
64764,834.0439463
64765,828.8198367
64766,832.7495514
64767,818.2972404
64768,779.5170829
64769,723.7053294
64770,700.7960232
64771,704.2813833
64772,696.1185825
64773,698.3596056
64774,684.5738858
64775,678.4106819
64776,658.4125591
64777,645.0002644
64778,671.7145468
64779,718.0925824
64780,765.2919845
64781,774.8516107
64782,766.6357009
64783,755.7228362
64784,750.7553107
64785,749.8369432
64786,755.0544488
64787,790.1967861
64788,825.2941559
64789,818.9222521
64790,784.6471991
64791,744.4318519
64792,725.1778143
64793,695.407683
64794,663.9886013
64795,659.8464984
64796,676.6585143
64797,698.5278988
64798,728.3446556
64799,760.6222701
64800,774.0998489
64801,769.6371702
64802,763.3733687
64803,777.4548947
64804,763.8531852
64805,711.1247635
64806,667.6146646
64807,648.8886215
64808,649.7133558
64809,641.5813678
64810,631.8761979
64811,626.6471321
64812,631.0856524
64813,644.8144764
64814,658.3828552
64815,668.8763786
64816,674.6220383
64817,704.1192978
64818,759.791934
64819,773.0094322
64820,735.7544825
64821,715.1434989
64822,748.5905167
64823,772.3348295
64824,759.0479832
64825,749.0568279
64826,781.9342093
64827,820.257789
64828,840.5422212
64829,825.0473247
64830,793.0000484
64831,784.4655179
64832,765.9229853
64833,781.686024
64834,830.6269418
64835,863.2208447
64836,844.4650914
64837,799.7306282
64838,811.7529008
64839,838.9337217
64840,851.294169
64841,847.971134
64842,844.6848172
64843,835.0394801
64844,826.0796649
64845,830.1644454
64846,834.5944842
64847,844.2020774
64848,850.6287227
64849,865.5304849
64850,868.3979187
64851,857.2534711
64852,852.4182186
64853,851.3866209
64854,846.760951
64855,843.056282
64856,845.802442
64857,843.2974231
64858,836.2154841
64859,835.7178224
64860,846.899056
64861,854.3234896
64862,883.2427791
64863,893.3997792
64864,885.282924
64865,874.1851041
64866,882.0678302
64867,895.7304907
64868,899.2403031
64869,893.9867465
64870,878.2689625
64871,857.0335987
64872,852.2358551
64873,863.1968843
64874,852.1864857
64875,823.7590146
64876,792.0199239
64877,775.1449332
64878,814.4338075
64879,856.6823353
64880,840.4675526
64881,789.6786727
64882,743.5072379
64883,743.3476003
64884,724.2245057
64885,708.3969793
64886,701.8706
64887,705.9561142
64888,748.0621623
64889,799.9754759
64890,809.4898436
64891,759.2066049
64892,704.1026448
64893,670.6904809
64894,669.5041381
64895,669.8442355
64896,689.8175265
64897,695.1751805
64898,701.2516854
64899,733.9418028
64900,762.1647594
64901,799.430384
64902,806.8989607
64903,837.6449879
64904,860.6932476
64905,859.3385701
64906,878.283145
64907,897.6591813
64908,889.1089978
64909,823.2987383
64910,762.2169269
64911,731.3554533
64912,716.9082936
64913,704.0875473
64914,695.3759966
64915,702.1072371
64916,690.0215067
64917,685.6779655
64918,693.9248719
64919,711.6068414
64920,727.8606743
64921,745.7798961
64922,754.5624845
64923,746.7361348
64924,733.4169024
64925,722.6007751
64926,711.0965787
64927,706.1886282
64928,739.1879095
64929,783.202851
64930,787.2210786
64931,771.218642
64932,721.5246283
64933,663.0369506
64934,637.4058384
64935,670.6956704
64936,683.5605449
64937,669.7445117
64938,672.8221475
64939,698.9067905
64940,703.3942475
64941,684.3370869
64942,681.1444887
64943,670.5594284
64944,657.0329535
64945,651.377435
64946,661.6121154
64947,671.1502571
64948,683.2664301
64949,706.8317766
64950,741.4928135
64951,758.2227313
64952,744.2945885
64953,734.4541967
64954,761.6539381
64955,787.9867495
64956,789.7619079
64957,760.4108642
64958,738.4584624
64959,735.1449076
64960,760.0432153
64961,807.928902
64962,839.0421818
64963,829.4180647
64964,812.8917998
64965,821.0284443
64966,846.8478201
64967,856.9361481
64968,872.0195698
64969,894.0480103
64970,916.5652638
64971,939.3307218
64972,986.9686303
64973,1015.157866
64974,991.2164465
64975,967.6971531
64976,988.9400098
64977,1050.691971
64978,1076.094057
64979,1062.542341
64980,1036.961535
64981,1022.919595
64982,1037.804554
64983,1038.675023
64984,1012.240312
64985,973.1728303
64986,963.3983225
64987,970.2784703
64988,994.0255229
64989,1015.718717
64990,1037.998618
64991,1065.172669
64992,1066.721935
64993,1027.375767
64994,997.8877768
64995,1008.674016
64996,1031.514496
64997,1013.109504
64998,987.8584977
64999,980.8463896
65000,987.4852685
65001,985.13968
65002,991.8041974
65003,1029.999119
65004,1079.812125
65005,1083.233549
65006,1068.751851
65007,1067.97623
65008,1081.428375
65009,1062.83046
65010,1025.847793
65011,1016.60964
65012,1025.552267
65013,1018.872607
65014,1013.094138
65015,1030.267206
65016,1046.791952
65017,1049.047168
65018,1045.057434
65019,1052.850608
65020,1060.368
65021,1078.608459
65022,1080.406439
65023,1058.46259
65024,1059.956291
65025,1061.823251
65026,1057.65207
65027,1041.043019
65028,1038.245767
65029,1051.285615
65030,1038.37564
65031,1033.109371
65032,1018.710939
65033,1027.990267
65034,1035.006664
65035,1020.99213
65036,1008.74622
65037,1013.964258
65038,1027.669571
65039,1035.629129
65040,1029.502349
65041,1039.461549
65042,1014.879478
65043,1001.002265
65044,1021.343645
65045,1036.990294
65046,1065.18601
65047,1055.825654
65048,1060.739999
65049,1043.809211
65050,1019.480187
65051,1042.611756
65052,1091.877148
65053,1094.357108
65054,1043.17153
65055,1017.086632
65056,1068.055346
65057,1112.3478
65058,1123.933572
65059,1087.618613
65060,1061.740754
65061,1120.377315
65062,1165.911533
65063,1159.023053
65064,1142.603648
65065,1145.736937
65066,1133.119986
65067,1113.141611
65068,1108.947444
65069,1079.768061
65070,1068.508105
65071,1074.515515
65072,1096.13782
65073,1109.352467
65074,1123.95551
65075,1102.913602
65076,1060.293968
65077,1033.30329
65078,1092.062533
65079,1109.643445
65080,1164.451882
65081,1192.093586
65082,1219.069824
65083,1182.395912
65084,1152.471851
65085,1088.251111
65086,1058.472303
65087,1042.479908
65088,1096.174867
65089,1126.074259
65090,1118.43766
65091,1133.503899
65092,1156.690199
65093,1201.92791
65094,1184.969988
65095,1169.335086
65096,1212.09876
65097,1303.519168
65098,1251.742538
65099,1192.469119
65100,1179.271288
65101,1191.128423
65102,1188.941328
65103,1186.754232
65104,1184.567137
65105,1182.380041
65106,1180.192946
65107,1178.005851
65108,1175.818755
65109,1173.63166
65110,1171.444564
65111,1169.257469
65112,1167.070374
65113,1164.883278
65114,1162.696183
65115,1160.509087
65116,1158.321992
65117,1156.134897
65118,1153.947801
65119,1151.760706
65120,1149.57361
65121,1147.386515
65122,1145.19942
65123,1143.012324
65124,1140.825229
65125,1138.638133
65126,1136.451038
65127,1091.911817
65128,1098.070492
65129,1123.699124
65130,1135.302587
65131,1122.350318
65132,1102.795273
65133,1061.420019
65134,1039.256265
65135,1047.023755
65136,1077.959754
65137,1056.503944
65138,986.0016859
65139,980.678173
65140,989.0317117
65141,986.1737936
65142,948.2943166
65143,929.7944103
65144,916.5047043
65145,927.8421328
65146,937.0157309
65147,946.4037361
65148,915.2270159
65149,862.776027
65150,825.5460647
65151,861.3826835
65152,892.4703422
65153,866.6271572
65154,850.1094565
65155,873.5870301
65156,881.0048792
65157,847.8433865
65158,824.7901482
65159,838.6438386
65160,873.2337933
65161,911.0700302
65162,957.5600946
65163,989.6059596
65164,1026.334013
65165,1101.996991
65166,1155.791582
65167,1123.05258
65168,1073.048176
65169,1083.84923
65170,1150.418707
65171,1145.407806
65172,1065.817936
65173,1002.641131
65174,1030.021857
65175,798.762796
65176,1658.733271
65177,2163.134459
65178,1706.977502
65179,966.7539963
65180,1246.290113
65181,1181.108517
65182,1106.6546
65183,1069.929822
65184,1017.173207
65185,990.0696228
65186,993.7215275
65187,1005.634747
65188,1020.136643
65189,1065.4793
65190,1104.169615
65191,1100.264843
65192,1038.679063
65193,988.5640568
65194,963.8157496
65195,961.4814797
65196,960.9731789
65197,991.8556135
65198,1009.912087
65199,947.4710461
65200,960.9544594
65201,1019.994934
65202,1071.901593
65203,1082.145961
65204,1117.070145
65205,1053.419362
65206,983.5705723
65207,955.0773509
65208,976.2230193
65209,909.4528649
65210,819.9315636
65211,813.4660544
65212,850.9464967
65213,859.5405449
65214,882.189543
65215,880.1622738
65216,812.875721
65217,774.8479034
65218,824.7967315
65219,863.766175
65220,824.6266381
65221,761.9894312
65222,759.371967
65223,801.9669781
65224,919.8493704
65225,978.3264118
65226,908.5444461
65227,844.5943616
65228,945.3774419
65229,985.7217355
65230,956.3869623
65231,1009.832694
65232,1050.190052
65233,979.7419276
65234,955.3654712
65235,990.3075696
65236,979.9809436
65237,1026.716146
65238,1100.121291
65239,1134.171437
65240,1139.744457
65241,1138.822226
65242,1103.112407
65243,1118.153734
65244,1210.708488
65245,1308.717915
65246,1360.180707
65247,1407.664555
65248,1404.279532
65249,1353.955805
65250,1368.420431
65251,1438.546832
65252,1490.894313
65253,1471.36159
65254,1485.931049
65255,1528.367953
65256,1476.683573
65257,1412.048017
65258,1384.441503
65259,1302.846674
65260,1198.704718
65261,1188.282405
65262,1164.76852
65263,1149.923961
65264,1162.0908
65265,1172.135992
65266,1134.038679
65267,1118.097241
65268,1119.245773
65269,1123.501862
65270,1119.328789
65271,1073.612161
65272,1077.001832
65273,1145.778768
65274,1262.774338
65275,1331.379889
65276,1386.874812
65277,1423.424707
65278,1423.398221
65279,1387.719529
65280,1398.242729
65281,1396.043207
65282,1255.880341
65283,1104.880775
65284,1010.307887
65285,968.9020059
65286,980.9357245
65287,1034.929053
65288,988.1417527
65289,957.2443389
65290,1029.134389
65291,1147.737772
65292,1194.384772
65293,1173.296462
65294,1150.817438
65295,1181.874222
65296,1212.531698
65297,1210.161681
65298,1200.104283
65299,1196.517431
65300,1235.55541
65301,1298.220553
65302,1356.586987
65303,1372.612724
65304,1379.692583
65305,1456.749618
65306,1547.742093
65307,1551.289341
65308,1505.673607
65309,1454.341269
65310,1367.031204
65311,1330.836629
65312,1381.339761
65313,1483.43089
65314,1444.425731
65315,1380.386711
65316,1313.70669
65317,1207.980721
65318,1132.308528
65319,1109.347496
65320,1077.796522
65321,1176.87916
65322,1287.600871
65323,1290.974977
65324,1256.832736
65325,1222.086831
65326,1176.340444
65327,1131.978898
65328,1098.302408
65329,1053.90034
65330,1064.634536
65331,1091.025876
65332,1051.373526
65333,952.4541741
65334,903.8684357
65335,982.0405462
65336,1009.242632
65337,949.2361372
65338,980.9858169
65339,994.0106517
65340,948.3633321
65341,944.3685656
65342,979.1335059
65343,939.4964602
65344,874.7391885
65345,860.9837918
65346,964.2067722
65347,975.470463
65348,896.8351081
65349,895.465073
65350,922.2641497
65351,865.7101107
65352,798.9921691
65353,819.4070991
65354,901.9559989
65355,932.9157769
65356,869.4896442
65357,864.0981919
65358,903.2961851
65359,900.3549267
65360,897.3089237
65361,875.714939
65362,811.5704332
65363,786.0466735
65364,845.0800501
65365,891.9691113
65366,927.7817794
65367,879.9670709
65368,811.2812454
65369,812.4784748
65370,887.5655916
65371,928.4457844
65372,929.0085619
65373,1009.83364
65374,1064.051914
65375,1008.743567
65376,954.7302611
65377,938.7143963
65378,948.6787012
65379,1018.697682
65380,1051.445302
65381,1067.810625
65382,1085.329614
65383,1073.021789
65384,1028.773892
65385,1054.801879
65386,1087.074046
65387,1063.988978
65388,1045.498763
65389,1076.876577
65390,1064.07834
65391,1031.216435
65392,1039.083733
65393,1034.790605
65394,1034.312749
65395,1019.225863
65396,1013.473004
65397,968.351531
65398,956.1897097
65399,936.2756889
65400,897.5588987
65401,839.4898986
65402,829.2487942
65403,882.2919227
65404,922.3923755
65405,870.6531676
65406,850.3813495
65407,933.5223261
65408,926.3940514
65409,862.4725683
65410,851.0501812
65411,826.611693
65412,808.8195786
65413,908.4385671
65414,1027.543054
65415,955.8996899
65416,804.8352786
65417,793.6664447
65418,836.4808638
65419,833.6056438
65420,887.1326979
65421,995.5681024
65422,943.0989681
65423,799.0684537
65424,765.5159138
65425,812.5342141
65426,861.9730942
65427,886.6090826
65428,861.7430697
65429,875.9466617
65430,893.3552225
65431,804.6908953
65432,755.4163136
65433,812.4535992
65434,873.3982491
65435,829.0144001
65436,798.384399
65437,826.3262751
65438,815.0166706
65439,786.9975258
65440,817.3881095
65441,805.6458738
65442,791.1134977
65443,821.2115068
65444,856.0547335
65445,841.2144028
65446,817.7120723
65447,871.3491815
65448,931.340321
65449,905.8099914
65450,901.5214736
65451,891.4640422
65452,842.2302919
65453,808.258715
65454,821.8361901
65455,831.612474
65456,838.7626842
65457,854.4387312
65458,863.1261628
65459,831.9785761
65460,798.7647458
65461,768.0123128
65462,723.0065641
65463,684.2210068
65464,694.4694729
65465,717.967124
65466,764.236907
65467,811.2664786
65468,780.5015356
65469,707.1991608
65470,713.2479485
65471,756.1333375
65472,774.1316008
65473,783.6255777
65474,820.4126298
65475,879.4753934
65476,876.2926716
65477,815.2533206
65478,805.4499914
65479,875.2730192
65480,927.3843542
65481,883.2350897
65482,877.9958687
65483,924.2495952
65484,959.5958806
65485,1029.145996
65486,1034.110993
65487,894.3536573
65488,808.7345013
65489,897.6726157
65490,968.6860137
65491,907.213001
65492,885.8825289
65493,1008.548811
65494,1031.692227
65495,980.5264579
65496,981.033976
65497,975.3894848
65498,969.8323536
65499,1034.587823
65500,1050.143009
65501,984.1747618
65502,933.5644255
65503,986.6029495
65504,1017.517757
65505,1023.177507
65506,1054.67969
65507,1062.322672
65508,985.757211
65509,978.2730595
65510,1069.765081
65511,1106.500322
65512,1033.775125
65513,1009.987184
65514,1098.07227
65515,1124.972885
65516,1046.174537
65517,978.2677878
65518,927.978829
65519,913.4994755
65520,924.0509252
65521,984.4953174
65522,999.598271
65523,956.7247981
65524,926.8634385
65525,981.5355862
65526,1045.784544
65527,1024.981692
65528,991.54115
65529,1000.788121
65530,994.2743603
65531,963.255433
65532,948.7798915
65533,931.220975
65534,922.4532634
65535,957.378927
65536,979.3112482
65537,995.8642739
65538,1012.609668
65539,998.8025339
65540,945.3350109
65541,912.1014196
65542,941.6703958
65543,971.2198045
65544,924.2672965
65545,904.9424411
65546,983.0865665
65547,997.1851315
65548,967.4464921
65549,965.9496342
65550,962.6566413
65551,949.3232214
65552,908.7792629
65553,835.0715845
65554,857.4851631
65555,883.3443549
65556,875.2446151
65557,921.8854299
65558,969.772664
65559,954.2055207
65560,961.1677604
65561,984.2902601
65562,942.7682626
65563,905.9106205
65564,946.7046769
65565,1004.156387
65566,1009.672565
65567,1001.386669
65568,993.9461427
65569,957.4602
65570,882.6022478
65571,832.5083632
65572,852.0960045
65573,894.1161956
65574,907.02859
65575,885.1708371
65576,829.308239
65577,800.1761472
65578,728.1001986
65579,645.0401883
65580,635.5088705
65581,673.1087757
65582,686.7590376
65583,689.5338115
65584,682.6257204
65585,680.5440167
65586,669.8011708
65587,641.0154709
65588,598.605105
65589,594.0875439
65590,606.7938741
65591,576.7092104
65592,551.8927304
65593,564.1733638
65594,553.6647506
65595,539.0344242
65596,530.3757962
65597,518.8047767
65598,499.0491787
65599,519.1554044
65600,558.4047996
65601,574.5010279
65602,596.4722621
65603,642.6390511
65604,652.675802
65605,606.8763217
65606,546.7706314
65607,508.8268681
65608,483.8414309
65609,473.3992126
65610,494.3131021
65611,504.8205072
65612,514.0162604
65613,558.4734677
65614,573.7606484
65615,538.751672
65616,500.9175658
65617,501.4386408
65618,519.1686803
65619,514.4717177
65620,512.4759722
65621,536.8805859
65622,568.1614429
65623,564.8595297
65624,529.9732844
65625,487.8516176
65626,486.6147117
65627,497.11482
65628,490.9339359
65629,521.9678571
65630,594.2162807
65631,618.1162953
65632,616.9075786
65633,619.2879643
65634,573.0582427
65635,512.3227956
65636,513.1204
65637,524.2997321
65638,530.1523415
65639,548.1225471
65640,622.931759
65641,628.3684398
65642,581.9755946
65643,596.5025262
65644,591.0458069
65645,561.2496999
65646,524.6279281
65647,495.2681795
65648,473.4407364
65649,447.5437691
65650,425.9548593
65651,427.1342277
65652,457.5466827
65653,483.9421338
65654,486.048426
65655,486.033694
65656,499.9518108
65657,518.7729076
65658,570.7437553
65659,619.2473297
65660,635.6548614
65661,628.8948656
65662,628.1381239
65663,629.6910001
65664,614.5198679
65665,575.4479678
65666,543.4033138
65667,523.570213
65668,551.7608458
65669,596.5431744
65670,595.6286948
65671,566.3377833
65672,543.4331673
65673,532.2265467
65674,524.132807
65675,541.6912669
65676,532.9121578
65677,501.8008161
65678,505.1760871
65679,533.8162174
65680,548.2883112
65681,558.5781816
65682,594.2809522
65683,576.7798547
65684,531.4104162
65685,528.7350252
65686,491.5065993
65687,455.8270824
65688,452.591064
65689,469.7866224
65690,501.0501423
65691,540.2176178
65692,523.1259907
65693,503.3715826
65694,515.5277291
65695,538.3130729
65696,587.1067902
65697,648.3261311
65698,641.0541816
65699,595.6692626
65700,583.9925592
65701,575.2977226
65702,541.4867463
65703,512.4223123
65704,500.179204
65705,501.0580312
65706,516.0337527
65707,557.2431023
65708,548.8882718
65709,458.22201
65710,390.8973453
65711,397.8756675
65712,409.945919
65713,439.3756076
65714,448.910086
65715,426.5802196
65716,439.6192492
65717,497.355389
65718,536.1759271
65719,568.7532745
65720,642.5151216
65721,666.709321
65722,631.4844734
65723,605.1300669
65724,562.4686348
65725,507.505416
65726,499.0339416
65727,559.1998682
65728,603.6498368
65729,616.4838736
65730,593.2901134
65731,541.9715596
65732,492.5013466
65733,484.4202391
65734,513.6526529
65735,531.3305231
65736,572.1430078
65737,740.7424768
65738,738.8664526
65739,560.8958571
65740,536.1652471
65741,577.8802324
65742,532.4799864
65743,488.2162636
65744,505.8305573
65745,601.7611608
65746,613.2497074
65747,544.5093824
65748,528.1638801
65749,493.1993287
65750,468.969138
65751,514.1777731
65752,539.8318545
65753,527.6003967
65754,510.8509888
65755,505.1242687
65756,510.9756933
65757,482.4527423
65758,440.7643961
65759,456.8920236
65760,506.1863125
65761,551.3990055
65762,534.2602651
65763,476.6614092
65764,462.4901521
65765,457.9938699
65766,479.7932371
65767,521.9443241
65768,546.5236123
65769,538.7537791
65770,479.9957055
65771,437.6799338
65772,452.3727397
65773,501.0881704
65774,571.569538
65775,609.9543053
65776,558.6232193
65777,495.8920914
65778,506.7520741
65779,523.9949443
65780,551.3085541
65781,580.1596214
65782,595.9264638
65783,565.5340215
65784,545.8913946
65785,553.5302261
65786,587.3942175
65787,559.195287
65788,521.6805639
65789,524.9533659
65790,532.186885
65791,503.7823515
65792,480.8238227
65793,488.3415152
65794,506.2115764
65795,519.2135586
65796,553.5905504
65797,555.046532
65798,522.8987358
65799,512.3895053
65800,570.1632362
65801,648.3360699
65802,671.0939435
65803,634.0866168
65804,582.5936943
65805,568.3833021
65806,598.1659085
65807,603.4272226
65808,518.648017
65809,407.8847638
65810,583.9032862
65811,664.2049464
65812,560.7394246
65813,484.9711769
65814,528.2349036
65815,512.7553111
65816,574.0615496
65817,583.3627064
65818,565.3742729
65819,552.2303778
65820,540.0501189
65821,540.2239689
65822,592.8537148
65823,657.5830126
65824,616.3549724
65825,517.6859146
65826,437.7146006
65827,450.5674058
65828,509.4306691
65829,505.2867212
65830,501.2986885
65831,567.5910445
65832,597.428785
65833,565.1906105
65834,494.4236567
65835,463.3576221
65836,476.8272374
65837,513.8798239
65838,568.138876
65839,581.9174877
65840,499.9835166
65841,451.4362536
65842,469.8375179
65843,498.8598667
65844,488.7101313
65845,496.0220161
65846,502.0822306
65847,515.8539382
65848,527.4544065
65849,535.6680661
65850,543.4970267
65851,545.6920762
65852,559.7713596
65853,606.8835988
65854,605.179423
65855,551.7238862
65856,477.1780974
65857,451.1905777
65858,506.6177121
65859,535.465667
65860,522.357162
65861,526.2482183
65862,529.011293
65863,522.2451914
65864,525.9612359
65865,527.6689019
65866,511.17771
65867,487.7033441
65868,507.0372234
65869,541.2739315
65870,542.3831846
65871,514.1420811
65872,531.2171981
65873,524.3718647
65874,453.6758608
65875,379.6341321
65876,403.42645
65877,442.531257
65878,464.7411864
65879,470.2977054
65880,471.907464
65881,467.232048
65882,465.2807701
65883,446.8210864
65884,478.6664761
65885,542.084009
65886,535.363164
65887,497.8687473
65888,518.5122283
65889,534.2082589
65890,532.6842787
65891,527.9081447
65892,517.8484825
65893,500.8066651
65894,487.549788
65895,500.5104042
65896,512.5512564
65897,505.3675151
65898,496.437433
65899,523.5827075
65900,563.0825795
65901,556.4671114
65902,520.7057174
65903,531.1921952
65904,544.020212
65905,524.3437892
65906,517.7074669
65907,535.3936581
65908,561.2346394
65909,571.9256677
65910,591.4015406
65911,610.1785831
65912,611.9451997
65913,632.3058546
65914,596.9549852
65915,555.8212588
65916,567.9388003
65917,567.6689514
65918,564.7206076
65919,554.4532939
65920,558.1116561
65921,593.99672
65922,568.5799272
65923,485.4751145
65924,553.0955089
65925,648.8588188
65926,632.3328706
65927,595.2292276
65928,609.4347142
65929,587.2597993
65930,587.3850459
65931,577.8281196
65932,565.6133176
65933,579.8345157
65934,595.8600017
65935,570.3088151
65936,550.4907005
65937,548.7014427
65938,554.3361848
65939,549.2926477
65940,554.6395827
65941,557.258312
65942,569.7790161
65943,564.7529894
65944,569.0119139
65945,555.4148879
65946,518.260067
65947,500.8425356
65948,522.9299274
65949,531.8336923
65950,504.7297608
65951,508.6800564
65952,530.4999975
65953,506.8303328
65954,466.875112
65955,468.690333
65956,484.6701215
65957,514.3847834
65958,547.8869586
65959,547.5472103
65960,554.4380259
65961,575.4129759
65962,563.5049117
65963,547.8405655
65964,566.4212978
65965,598.362351
65966,579.3705903
65967,540.5290035
65968,536.7110335
65969,533.9689702
65970,520.3714965
65971,533.5226236
65972,533.8775084
65973,540.5987188
65974,540.7571423
65975,533.9786137
65976,558.0433769
65977,576.6238002
65978,558.9369405
65979,545.9668535
65980,530.2478127
65981,534.9135023
65982,529.3292109
65983,549.799908
65984,575.899058
65985,555.0763024
65986,531.9373883
65987,545.0283327
65988,539.9288592
65989,544.8716794
65990,552.2987623
65991,558.6580508
65992,564.5505962
65993,540.4292389
65994,535.7272485
65995,568.8514949
65996,581.6418451
65997,571.9992718
65998,567.5086784
65999,571.5183448
66000,577.7506469
66001,578.4060192
66002,577.5497805
66003,555.6460167
66004,528.0078246
66005,516.2911772
66006,528.4477781
66007,551.1097004
66008,556.2080211
66009,541.6310866
66010,519.8200708
66011,531.5461152
66012,571.0036558
66013,558.4906076
66014,557.6871246
66015,601.7781413
66016,592.1472392
66017,555.7776271
66018,575.7947341
66019,559.5028085
66020,535.4250414
66021,537.4619176
66022,535.4246249
66023,530.3422126
66024,570.3197477
66025,590.4266026
66026,547.6794049
66027,526.5678782
66028,545.9910049
66029,551.6831618
66030,555.7039251
66031,563.5628682
66032,534.8027484
66033,522.1090407
66034,516.045352
66035,494.5704936
66036,455.1827212
66037,462.0755857
66038,454.1975098
66039,428.6669619
66040,423.0331313
66041,433.5003264
66042,438.8481898
66043,442.3069506
66044,471.0537284
66045,500.8293347
66046,517.3594263
66047,524.2375186
66048,501.7040003
66049,465.5406718
66050,475.0122625
66051,491.8141115
66052,473.7174927
66053,453.2138073
66054,428.903222
66055,413.4621312
66056,419.5403947
66057,395.1861613
66058,382.2027209
66059,395.7337255
66060,435.55633
66061,469.7961252
66062,470.0820738
66063,443.5465156
66064,445.9559405
66065,441.1042098
66066,415.5511198
66067,394.8375065
66068,414.4436759
66069,413.2520734
66070,418.9543817
66071,441.6995514
66072,457.6233588
66073,476.8123462
66074,497.2722334
66075,500.2448896
66076,484.5260336
66077,480.2301916
66078,476.6363915
66079,487.7527912
66080,507.2132311
66081,541.964741
66082,572.3959655
66083,534.5341341
66084,479.3210872
66085,486.8011331
66086,507.3038454
66087,512.7173664
66088,548.1141158
66089,573.2574036
66090,567.955966
66091,528.618939
66092,492.8425194
66093,519.6275722
66094,556.3959569
66095,533.6632688
66096,506.2749909
66097,518.9870092
66098,541.2499673
66099,547.9808732
66100,580.7913393
66101,585.0301094
66102,539.6490112
66103,527.9916363
66104,522.8215746
66105,507.3773685
66106,495.8984839
66107,500.2703988
66108,489.9083316
66109,462.1548449
66110,455.5492559
66111,468.3933325
66112,490.5760572
66113,503.427261
66114,502.1767719
66115,480.1726611
66116,464.8294116
66117,464.2307656
66118,465.9073889
66119,452.229078
66120,453.5975586
66121,465.7378221
66122,479.6956063
66123,511.2331744
66124,509.3465264
66125,520.3531939
66126,541.901166
66127,545.3402691
66128,539.8119187
66129,558.4861497
66130,581.3694454
66131,573.2733575
66132,528.028042
66133,487.7815584
66134,473.6996501
66135,464.0355265
66136,466.2913085
66137,483.9262903
66138,480.9543667
66139,463.5368246
66140,445.6156244
66141,427.998134
66142,409.4835791
66143,399.3969298
66144,418.7346011
66145,442.3062004
66146,434.1303195
66147,427.5122839
66148,431.9981729
66149,420.0764596
66150,413.3339161
66151,411.7711147
66152,421.334966
66153,426.8843075
66154,414.2442753
66155,404.9241868
66156,408.0647935
66157,434.0874014
66158,460.2344374
66159,464.663032
66160,452.5753018
66161,448.7321891
66162,454.0467836
66163,442.0291583
66164,424.2017121
66165,425.1456616
66166,434.0940111
66167,446.7564867
66168,449.1128563
66169,437.2826703
66170,442.9234274
66171,447.7330572
66172,436.7011985
66173,427.9688236
66174,429.3426695
66175,519.478097
66176,524.9321306
66177,427.5777945
66178,418.3864569
66179,434.310911
66180,449.1062406
66181,467.5545609
66182,468.6725558
66183,466.518749
66184,470.661531
66185,493.3888942
66186,493.8373354
66187,457.4548524
66188,429.3662374
66189,446.1989243
66190,461.792677
66191,458.4609976
66192,458.2140882
66193,462.9947389
66194,477.3039138
66195,477.4095894
66196,468.9261937
66197,473.0401566
66198,462.8218653
66199,447.1651331
66200,451.0175824
66201,442.6244461
66202,430.1515831
66203,421.7278099
66204,399.8949827
66205,379.8564198
66206,390.677561
66207,419.9094437
66208,421.5590276
66209,412.8495533
66210,424.6867556
66211,428.8769058
66212,423.4544479
66213,422.130312
66214,409.4533388
66215,397.8547611
66216,408.2662133
66217,419.1300287
66218,423.7897994
66219,419.9864134
66220,420.7992823
66221,430.7653068
66222,422.6427424
66223,419.7142865
66224,418.114851
66225,402.1970278
66226,404.2745336
66227,419.3963976
66228,426.6025231
66229,427.2560789
66230,423.0801613
66231,424.5983833
66232,418.6793139
66233,422.4012705
66234,416.1371929
66235,395.5938248
66236,416.9234758
66237,423.3755944
66238,444.6873819
66239,427.1632278
66240,399.4961797
66241,429.0324509
66242,440.5283728
66243,428.4062851
66244,424.3449857
66245,419.6183921
66246,421.3609268
66247,424.0695908
66248,412.5782812
66249,392.0775012
66250,400.4501362
66251,404.8249168
66252,380.1024828
66253,405.1015448
66254,420.5944328
66255,379.2833872
66256,344.0981575
66257,369.4471479
66258,383.1668402
66259,396.9762513
66260,405.6179907
66261,408.2304822
66262,397.8175751
66263,393.0708921
66264,403.0418398
66265,406.0155949
66266,401.0919548
66267,408.2857118
66268,411.7814486
66269,408.7822899
66270,398.3766867
66271,393.8196589
66272,411.5859663
66273,408.0222561
66274,401.0467147
66275,424.9107998
66276,434.713176
66277,421.2484462
66278,406.619794
66279,398.961284
66280,393.9221935
66281,397.4515304
66282,406.6724855
66283,427.552629
66284,444.5496019
66285,441.7736491
66286,435.8609421
66287,425.4857987
66288,409.6601727
66289,413.1978526
66290,401.9657042
66291,392.2558162
66292,385.6200804
66293,373.1521971
66294,359.182073
66295,356.7938586
66296,365.7916935
66297,382.3984568
66298,404.9803676
66299,392.2849967
66300,358.9610933
66301,378.5835301
66302,411.7392506
66303,415.4595876
66304,405.9606956
66305,400.1180219
66306,405.8069949
66307,394.9928846
66308,350.0060294
66309,330.0244246
66310,346.4341542
66311,370.0463984
66312,387.65095
66313,379.4584823
66314,372.9832182
66315,377.3601016
66316,395.3482939
66317,412.475944
66318,408.202928
66319,417.8973233
66320,439.0639659
66321,426.6104466
66322,383.7481693
66323,366.8586374
66324,399.8489405
66325,432.6716218
66326,451.8104156
66327,449.1935861
66328,442.2612983
66329,454.613117
66330,466.2060535
66331,478.102016
66332,477.1336145
66333,463.0845647
66334,441.1757365
66335,432.5265117
66336,438.8841567
66337,451.6047662
66338,470.5420957
66339,471.8764745
66340,465.8950307
66341,475.730471
66342,468.5261703
66343,467.7630453
66344,457.8501582
66345,433.67085
66346,432.221382
66347,445.6726087
66348,441.5633545
66349,402.4625095
66350,364.4598688
66351,371.2209492
66352,380.6851325
66353,373.5551894
66354,401.1070433
66355,439.219825
66356,439.2651572
66357,410.7789477
66358,382.6892647
66359,396.7176034
66360,430.5117372
66361,452.6346042
66362,463.6693605
66363,483.9888309
66364,471.9247197
66365,415.2116209
66366,382.4195166
66367,377.8703507
66368,411.4653549
66369,443.7925535
66370,450.5580925
66371,467.2511801
66372,461.445318
66373,446.6669862
66374,451.5771462
66375,435.4621946
66376,435.1594679
66377,446.4926222
66378,414.9974259
66379,383.9071034
66380,411.9260461
66381,421.8133315
66382,422.0776187
66383,429.6131779
66384,422.3034862
66385,438.3298367
66386,463.0642746
66387,458.8662199
66388,447.2626766
66389,438.0287333
66390,448.3319818
66391,461.961805
66392,462.740561
66393,470.3377476
66394,473.696295
66395,453.3038761
66396,446.0678953
66397,440.0662476
66398,413.8357246
66399,410.9668132
66400,425.5565153
66401,428.4200862
66402,415.9249188
66403,398.6584035
66404,417.093312
66405,459.1308305
66406,472.9144347
66407,453.2384848
66408,443.08681
66409,456.4937001
66410,451.5088123
66411,460.2507634
66412,494.094898
66413,490.5828021
66414,486.6074174
66415,483.5271846
66416,455.8319458
66417,444.4604875
66418,456.544868
66419,461.6827
66420,470.8089328
66421,468.4654344
66422,473.6876078
66423,493.4736987
66424,509.9689827
66425,508.4692312
66426,517.4087692
66427,518.6555394
66428,509.122783
66429,506.8026962
66430,505.0654545
66431,509.8189438
66432,521.8891906
66433,506.1635148
66434,493.5951411
66435,500.8528546
66436,502.0450186
66437,495.7973338
66438,509.102081
66439,525.113268
66440,524.5587265
66441,550.0607397
66442,542.6693028
66443,521.999282
66444,538.7561643
66445,556.8951377
66446,548.8941309
66447,536.5505585
66448,539.9282683
66449,544.0045055
66450,556.2654835
66451,548.9448995
66452,522.1990295
66453,521.4503193
66454,514.279033
66455,524.1499218
66456,562.6165756
66457,554.1831561
66458,538.3486109
66459,532.4554108
66460,515.1129732
66461,511.25165
66462,532.1958179
66463,539.1156581
66464,520.6011076
66465,531.2906342
66466,532.6253112
66467,540.2794774
66468,550.8812898
66469,537.6449968
66470,537.577186
66471,539.0443735
66472,535.7571363
66473,544.495606
66474,547.9244106
66475,538.0946507
66476,528.7947511
66477,531.9195261
66478,515.3926037
66479,501.3928494
66480,514.0801553
66481,517.2356765
66482,509.2172849
66483,519.5114288
66484,504.4983056
66485,493.6600945
66486,482.199035
66487,477.1369579
66488,487.1269833
66489,480.5394253
66490,468.6155724
66491,489.9178045
66492,501.7255888
66493,501.3620745
66494,504.074818
66495,511.6980736
66496,521.9985242
66497,530.6426402
66498,534.8724746
66499,528.769342
66500,525.5059228
66501,524.0388531
66502,503.7612268
66503,497.4956609
66504,503.0181635
66505,514.2132479
66506,550.1715206
66507,553.4663263
66508,525.0707075
66509,535.977531
66510,549.6661336
66511,525.4773678
66512,566.6558055
66513,572.4463918
66514,490.4235653
66515,466.2454463
66516,483.1620758
66517,508.600267
66518,529.0787537
66519,533.3830602
66520,529.016811
66521,521.0076344
66522,511.9830625
66523,497.7154411
66524,466.9112871
66525,460.3709178
66526,496.9005164
66527,510.6349192
66528,485.1025826
66529,507.2633731
66530,534.8911811
66531,541.4419748
66532,552.8593348
66533,557.3918716
66534,550.1459052
66535,556.895311
66536,570.4754784
66537,581.9068578
66538,587.8239719
66539,576.2239698
66540,578.5432063
66541,577.4535938
66542,576.6055238
66543,612.8994533
66544,619.1736574
66545,604.6942373
66546,632.5905124
66547,635.5459545
66548,633.8423819
66549,629.0493015
66550,576.3841835
66551,484.8560435
66552,441.8755214
66553,473.3859684
66554,520.9355249
66555,533.2892938
66556,523.398386
66557,528.9482891
66558,610.3244794
66559,719.8048768
66560,652.0448313
66561,566.3042046
66562,624.5231708
66563,619.524383
66564,614.9345899
66565,584.9488325
66566,535.9579777
66567,519.1305559
66568,527.17129
66569,548.7292169
66570,545.4045639
66571,514.8002251
66572,519.1279498
66573,527.8581293
66574,491.587853
66575,466.7178929
66576,446.27074
66577,411.2265678
66578,431.078593
66579,450.7301118
66580,431.5999006
66581,483.7768439
66582,567.8443501
66583,583.7786865
66584,575.8412546
66585,556.5976598
66586,542.825047
66587,554.3670024
66588,514.5388829
66589,485.5675047
66590,539.644717
66591,540.5197102
66592,481.2985636
66593,454.364315
66594,452.5482205
66595,495.8749939
66596,527.0117469
66597,488.369849
66598,455.4935492
66599,466.113042
66600,489.851054
66601,468.4369393
66602,424.6130834
66603,439.406175
66604,428.7285324
66605,394.5412976
66606,404.9578445
66607,397.9423397
66608,396.1103872
66609,398.0964463
66610,394.4442986
66611,432.7688199
66612,469.8888753
66613,459.8205596
66614,418.8317039
66615,405.680991
66616,450.1266839
66617,479.3405707
66618,443.4921712
66619,420.3220223
66620,449.0438395
66621,504.5416548
66622,555.2386827
66623,564.4438543
66624,564.324832
66625,553.1036706
66626,508.7457511
66627,496.5254494
66628,504.0122077
66629,487.301577
66630,518.6085171
66631,507.2499062
66632,459.3482892
66633,451.636998
66634,419.7638666
66635,388.2501547
66636,384.5543798
66637,404.5613693
66638,411.2709082
66639,409.6760735
66640,406.9579123
66641,391.4946896
66642,415.2794676
66643,457.8988751
66644,447.6344843
66645,419.9068523
66646,429.1543766
66647,461.8584094
66648,484.9005526
66649,523.1106705
66650,551.7004356
66651,560.8479034
66652,531.2520164
66653,477.1851068
66654,469.8457157
66655,467.7365999
66656,476.3701203
66657,488.9118919
66658,493.150697
66659,520.4380814
66660,572.9011254
66661,569.9616687
66662,494.962168
66663,431.1006349
66664,403.3455776
66665,433.0652362
66666,453.9530619
66667,449.1915834
66668,496.2830216
66669,578.793954
66670,632.378744
66671,601.7043906
66672,585.0491654
66673,630.0441282
66674,636.2882175
66675,618.2839564
66676,658.959339
66677,639.4364281
66678,581.7777505
66679,618.8810795
66680,653.1794693
66681,667.7352424
66682,666.8886963
66683,586.4949643
66684,521.3909347
66685,512.9110597
66686,480.5990729
66687,458.9581474
66688,445.3244288
66689,443.6644086
66690,464.0820092
66691,527.6297158
66692,578.5046328
66693,561.2189456
66694,603.4251671
66695,687.3714795
66696,662.9623818
66697,590.5561155
66698,598.3414363
66699,607.1977865
66700,648.7363063
66701,671.939645
66702,639.6504577
66703,635.3858417
66704,586.1734155
66705,549.375771
66706,520.9218904
66707,530.0981709
66708,613.6380815
66709,666.0626826
66710,649.7240339
66711,649.5698132
66712,661.3859321
66713,644.742444
66714,659.0149989
66715,706.2436832
66716,693.5001717
66717,633.237565
66718,649.0940741
66719,695.2033429
66720,644.2781538
66721,587.8042151
66722,617.533913
66723,625.6495693
66724,622.593755
66725,615.9357211
66726,566.653651
66727,544.0113595
66728,546.1474671
66729,557.4828052
66730,621.1288653
66731,677.237367
66732,671.9540419
66733,692.2604484
66734,726.741639
66735,712.4805522
66736,668.0861617
66737,662.8897687
66738,671.1406472
66739,640.9624035
66740,615.3197955
66741,620.5534916
66742,600.1218893
66743,597.1265986
66744,640.6052992
66745,626.7031692
66746,640.2906103
66747,640.840611
66748,607.5198215
66749,609.9425315
66750,627.946331
66751,622.5140595
66752,595.5207488
66753,622.4817963
66754,627.5879888
66755,636.1917414
66756,669.2093712
66757,692.5888612
66758,714.207053
66759,735.1559038
66760,740.9296199
66761,733.5892277
66762,724.8244071
66763,713.7150469
66764,741.3350575
66765,785.3265401
66766,801.493008
66767,1260.846792
66768,1160.791157
66769,679.4549264
66770,775.3462343
66771,779.9266074
66772,720.2626073
66773,668.0471216
66774,666.0888233
66775,634.0164163
66776,677.1694782
66777,694.3565907
66778,681.8034109
66779,709.5349905
66780,718.4945065
66781,723.3432034
66782,751.0485115
66783,751.9543856
66784,746.2053995
66785,778.8429411
66786,749.036975
66787,771.2465656
66788,882.5002207
66789,878.7525887
66790,833.8505366
66791,880.3185999
66792,956.0882352
66793,967.8984058
66794,908.2437163
66795,936.944838
66796,952.7329461
66797,898.1913095
66798,927.9301282
66799,963.7602083
66800,931.9766381
66801,919.6399425
66802,984.9123612
66803,1021.890513
66804,1009.408902
66805,967.0308728
66806,888.1377431
66807,885.3372523
66808,893.8511593
66809,842.2600984
66810,835.3690092
66811,853.3818823
66812,892.7522302
66813,904.9347692
66814,904.3447738
66815,931.7431653
66816,910.0920062
66817,880.1349641
66818,886.8405929
66819,903.6685304
66820,882.5046628
66821,853.9341845
66822,845.8056965
66823,814.98025
66824,854.5639867
66825,900.2805164
66826,917.3353427
66827,959.4289283
66828,934.8980628
66829,889.5528491
66830,830.9762245
66831,786.4409871
66832,780.9497174
66833,757.7442467
66834,746.8047993
66835,744.3433868
66836,734.0959915
66837,733.4736115
66838,720.3008895
66839,732.7604941
66840,749.2519722
66841,726.1689079
66842,681.0976057
66843,603.8852666
66844,590.343163
66845,620.3566839
66846,649.5719159
66847,700.3229329
66848,709.2303229
66849,721.8785688
66850,727.9926166
66851,738.5586424
66852,725.908666
66853,710.7963275
66854,741.89676
66855,714.744265
66856,754.4328568
66857,743.9846692
66858,627.899141
66859,602.3372818
66860,596.3326825
66861,613.4245339
66862,634.9744365
66863,707.2976076
66864,743.4229104
66865,717.0099315
66866,664.9247517
66867,628.7947891
66868,685.3004447
66869,750.9687208
66870,707.8119288
66871,691.2629856
66872,715.8794099
66873,671.438205
66874,661.073935
66875,708.2413515
66876,732.4691243
66877,725.7553905
66878,709.0546197
66879,690.7079185
66880,678.6029762
66881,667.7471468
66882,657.5401152
66883,645.0667341
66884,654.6435804
66885,691.9978775
66886,697.6885183
66887,888.1016552
66888,827.3416789
66889,641.1578646
66890,672.151755
66891,658.2092931
66892,691.8694447
66893,680.2357789
66894,713.6402541
66895,709.8806187
66896,599.0486424
66897,553.921061
66898,618.2064133
66899,619.3195323
66900,496.3930463
66901,437.3871165
66902,510.7655752
66903,573.7457822
66904,479.9579358
66905,422.2855525
66906,478.0346051
66907,506.6713028
66908,493.6092818
66909,491.6811629
66910,496.1338654
66911,552.5413204
66912,577.8739289
66913,602.3621268
66914,627.4752189
66915,577.098385
66916,503.6115981
66917,545.2102196
66918,597.5004887
66919,587.5563591
66920,561.9505863
66921,540.664108
66922,488.7874525
66923,479.7521658
66924,530.3140196
66925,550.7733648
66926,555.298231
66927,563.5246632
66928,524.758423
66929,495.8446534
66930,489.2469178
66931,427.3486244
66932,403.8199456
66933,411.7643704
66934,438.9800738
66935,485.8769423
66936,515.267527
66937,535.1433107
66938,550.9138907
66939,549.1329193
66940,571.6332333
66941,576.4542012
66942,527.8419519
66943,508.4804686
66944,537.277031
66945,519.1449195
66946,472.2697447
66947,455.1077763
66948,458.6956398
66949,454.3356899
66950,457.0097352
66951,505.5248639
66952,537.177872
66953,538.1734615
66954,519.2069188
66955,514.864457
66956,488.3755211
66957,415.2562673
66958,378.200973
66959,384.183226
66960,421.2962502
66961,440.0937593
66962,397.2706277
66963,378.3038195
66964,392.4943133
66965,402.3025987
66966,391.6860668
66967,414.1863376
66968,437.5638096
66969,470.2452607
66970,497.8448622
66971,568.0052617
66972,537.8019623
66973,437.3762204
66974,436.1001512
66975,505.945105
66976,526.8601336
66977,569.406052
66978,578.6598005
66979,498.6640066
66980,500.4685362
66981,499.0718904
66982,472.5820497
66983,437.0337937
66984,441.0719673
66985,471.6130905
66986,508.2587427
66987,453.8703873
66988,408.5949139
66989,416.2742943
66990,442.8834905
66991,424.3342414
66992,353.3687281
66993,355.3362003
66994,376.0937254
66995,374.9358543
66996,401.8290897
66997,475.6455917
66998,420.6827109
66999,412.347454
67000,465.4904925
67001,421.1032365
67002,386.3282293
67003,397.8254946
67004,431.1147076
67005,409.4287258
67006,383.3274959
67007,383.5661138
67008,400.5277409
67009,395.0153077
67010,412.6563797
67011,422.6147732
67012,416.0539023
67013,418.1170167
67014,444.5879875
67015,516.9384552
67016,549.1471711
67017,478.1575115
67018,430.0702518
67019,413.1080003
67020,405.8609966
67021,434.2171315
67022,461.4532295
67023,470.2900133
67024,514.6524793
67025,520.4351122
67026,459.1273845
67027,395.2088174
67028,407.8080612
67029,441.144888
67030,454.9815184
67031,456.6262521
67032,426.5642586
67033,414.2217569
67034,414.3337857
67035,439.8542005
67036,434.4469323
67037,406.5150806
67038,384.5293705
67039,432.1727277
67040,478.4256062
67041,412.5127148
67042,379.3565873
67043,399.7474293
67044,399.8576118
67045,374.4417835
67046,394.650212
67047,395.8816977
67048,407.207473
67049,417.8861815
67050,409.2741671
67051,425.6967222
67052,463.6788062
67053,459.4971959
67054,479.8638596
67055,491.2570459
67056,412.1792156
67057,425.6567449
67058,429.3160102
67059,452.7157199
67060,470.3737649
67061,453.260624
67062,434.8755009
67063,474.5451564
67064,446.7062331
67065,396.2566592
67066,408.8598506
67067,414.789719
67068,411.1858297
67069,423.0169274
67070,384.0214717
67071,425.7763771
67072,430.7827214
67073,394.9774671
67074,416.9757161
67075,450.0784636
67076,441.5086041
67077,432.0249219
67078,466.8540818
67079,489.1386136
67080,555.3074328
67081,539.371245
67082,427.8536556
67083,433.7491142
67084,487.9253025
67085,443.8498259
67086,407.9162601
67087,421.3065967
67088,445.4185161
67089,439.412521
67090,422.6000365
67091,414.5430249
67092,414.7962871
67093,430.4035396
67094,486.9838528
67095,631.1412946
67096,581.5943126
67097,514.9730866
67098,454.5440124
67099,438.2954194
67100,428.8757211
67101,386.7821434
67102,395.6910734
67103,401.3214889
67104,393.6957003
67105,391.583314
67106,381.3543942
67107,395.4648687
67108,402.1213091
67109,416.1815621
67110,402.2292235
67111,389.3126677
67112,401.6885095
67113,410.9259467
67114,400.1404536
67115,376.9968811
67116,399.3199469
67117,372.9305333
67118,377.0664556
67119,411.077045
67120,405.8810407
67121,419.9534105
67122,404.5966892
67123,379.7206801
67124,390.3229389
67125,405.386494
67126,383.1529669
67127,370.795524
67128,388.4822633
67129,369.4876898
67130,332.5705486
67131,328.3731934
67132,337.0908323
67133,364.2414349
67134,350.4637326
67135,337.53602
67136,364.7619846
67137,361.1864335
67138,359.5107356
67139,385.6441424
67140,389.0770601
67141,355.1376027
67142,359.3057786
67143,395.1803319
67144,392.464493
67145,411.3938067
67146,416.8635305
67147,413.9650021
67148,399.8855182
67149,339.9892594
67150,370.929096
67151,378.9756356
67152,381.5278336
67153,397.6520692
67154,368.3827532
67155,359.4227516
67156,393.9582473
67157,402.3509513
67158,424.5475713
67159,453.1245624
67160,436.8060577
67161,440.4507794
67162,434.6890951
67163,425.2309757
67164,434.4736088
67165,492.5585286
67166,506.293026
67167,498.960494
67168,494.1340819
67169,496.6700907
67170,481.8953004
67171,473.7532804
67172,477.7670675
67173,484.2439586
67174,484.8743557
67175,461.9081826
67176,464.5631632
67177,472.9357133
67178,438.4056123
67179,440.3669743
67180,442.4188749
67181,435.3245899
67182,423.4303725
67183,370.3908557
67184,345.6112993
67185,348.701716
67186,358.8333437
67187,379.9307021
67188,376.5616033
67189,369.205002
67190,367.8113541
67191,369.3642956
67192,362.071924
67193,378.8129187
67194,386.5211613
67195,359.0653018
67196,364.0005884
67197,399.244235
67198,399.8391701
67199,441.9710748
67200,455.8133085
67201,374.9870813
67202,392.3435734
67203,400.7423376
67204,431.1519157
67205,400.65841
67206,364.5583854
67207,353.0774102
67208,362.3530653
67209,378.8016092
67210,365.2487422
67211,364.705688
67212,333.7493082
67213,365.5646319
67214,409.9621036
67215,454.754879
67216,475.6442244
67217,436.5379857
67218,433.8070558
67219,421.9910482
67220,383.1486279
67221,414.9154206
67222,437.0259531
67223,395.7754284
67224,412.0535786
67225,422.9517867
67226,442.2288883
67227,443.5432065
67228,381.8139966
67229,344.386368
67230,411.69872
67231,647.6308038
67232,423.5156851
67233,346.9435596
67234,328.7983964
67235,309.242765
67236,309.4409081
67237,322.7126083
67238,338.6946252
67239,348.3012363
67240,370.4712378
67241,405.2165923
67242,416.3439905
67243,406.3312881
67244,394.5156203
67245,408.2691316
67246,391.8345125
67247,409.230848
67248,445.6378318
67249,443.6696048
67250,463.3207638
67251,460.0134843
67252,450.2993243
67253,484.9026296
67254,453.266403
67255,399.1056382
67256,394.6812916
67257,419.2111966
67258,476.0382059
67259,445.7306835
67260,391.0272276
67261,361.0153796
67262,342.171372
67263,360.5494988
67264,393.7587084
67265,394.8305615
67266,389.8173573
67267,400.9919674
67268,359.9052499
67269,321.2820277
67270,294.5160189
67271,325.8419565
67272,396.2831032
67273,426.9067866
67274,401.9073853
67275,359.1619526
67276,376.5633243
67277,377.2535237
67278,353.1243527
67279,351.5329784
67280,377.0072855
67281,403.4389627
67282,415.2937906
67283,431.39392
67284,432.9471205
67285,423.2082255
67286,427.4886229
67287,395.1771773
67288,358.4383235
67289,371.9159078
67290,401.392938
67291,401.637039
67292,378.418389
67293,373.019696
67294,401.6426218
67295,404.6937062
67296,365.9921201
67297,392.8661432
67298,416.9960661
67299,364.5482073
67300,380.425322
67301,389.8162602
67302,377.0708452
67303,380.7158846
67304,370.5738299
67305,411.3373114
67306,389.4056006
67307,343.534105
67308,360.0360014
67309,351.5056304
67310,361.2223386
67311,404.0253794
67312,431.8546496
67313,409.0520874
67314,388.3859277
67315,392.9880021
67316,373.6395187
67317,346.3286919
67318,337.8995133
67319,381.964371
67320,397.0461667
67321,402.2707401
67322,407.6849544
67323,428.3728216
67324,381.4654767
67325,335.1714925
67326,369.3073814
67327,375.4539739
67328,435.0788425
67329,413.2057278
67330,395.8204421
67331,419.6777699
67332,400.9329137
67333,370.6533883
67334,341.3256077
67335,350.5237911
67336,375.8503879
67337,374.7123109
67338,369.0327701
67339,345.2865609
67340,352.5380255
67341,366.7891481
67342,370.8956965
67343,338.4779013
67344,357.5145422
67345,399.3890859
67346,381.2436882
67347,374.988399
67348,384.5611964
67349,393.6624072
67350,391.7153333
67351,382.3468196
67352,368.7187045
67353,354.5073069
67354,361.3076945
67355,385.9410044
67356,376.7381222
67357,391.344481
67358,365.7272535
67359,375.9671314
67360,415.0632066
67361,394.2064957
67362,384.7216579
67363,405.7652036
67364,384.5044084
67365,418.706358
67366,376.8625675
67367,411.6502608
67368,465.6786169
67369,447.997078
67370,460.5485378
67371,403.1455676
67372,417.1045351
67373,476.0068156
67374,458.1534041
67375,438.7489576
67376,433.1378504
67377,433.6866375
67378,442.8146022
67379,431.28744
67380,441.3861157
67381,513.6173158
67382,551.5003949
67383,381.733514
67384,327.8155728
67385,368.6478556
67386,357.716997
67387,387.0167284
67388,345.63271
67389,312.9448988
67390,310.8713888
67391,309.7047305
67392,365.5599508
67393,376.2143079
67394,350.1678339
67395,384.3431672
67396,390.9409839
67397,404.2875698
67398,457.8059411
67399,397.8500484
67400,526.3629218
67401,403.8091928
67402,333.7872248
67403,348.8442403
67404,387.8465467
67405,396.4706225
67406,356.4852821
67407,379.4202605
67408,427.4646355
67409,418.6300263
67410,363.1569001
67411,326.4797481
67412,360.4923052
67413,367.2268508
67414,342.1843156
67415,320.1431247
67416,344.6760146
67417,373.2004699
67418,326.3110556
67419,322.5268139
67420,368.6768487
67421,378.2970429
67422,408.8922251
67423,423.6660967
67424,372.8136566
67425,344.5728213
67426,340.4885383
67427,377.534669
67428,373.2405167
67429,360.3915736
67430,381.6435568
67431,402.5612036
67432,403.2353553
67433,389.7229926
67434,352.3929471
67435,443.7689792
67436,473.0759006
67437,364.107863
67438,433.58836
67439,425.7828208
67440,415.9051276
67441,434.4444479
67442,390.7573515
67443,353.7593751
67444,382.1314934
67445,399.7374255
67446,361.8463975
67447,433.0049886
67448,496.7332513
67449,370.493303
67450,368.0875804
67451,331.8619778
67452,310.2050072
67453,319.2204488
67454,359.0063923
67455,354.6328996
67456,348.2812724
67457,374.5185124
67458,389.3530976
67459,374.8910281
67460,356.3033349
67461,373.2732115
67462,412.6022342
67463,435.5420929
67464,425.7790387
67465,390.7175341
67466,380.8454514
67467,355.1735063
67468,318.2008241
67469,312.9314835
67470,301.9300131
67471,340.1776531
67472,343.450976
67473,355.4228397
67474,363.4567984
67475,364.2066612
67476,363.0348056
67477,353.7496173
67478,305.6694906
67479,312.1115413
67480,317.7399533
67481,299.7769606
67482,307.0367297
67483,316.5807536
67484,347.6970721
67485,367.7636066
67486,375.892724
67487,370.2565075
67488,361.612975
67489,344.3569746
67490,339.3369743
67491,332.5174555
67492,326.1035028
67493,353.7239285
67494,370.9569401
67495,363.5531126
67496,354.6008165
67497,357.721014
67498,314.6982604
67499,526.9191115
67500,458.7154591
67501,390.7579973
67502,413.0919183
67503,424.1744435
67504,390.3487074
67505,375.4106782
67506,375.6752007
67507,366.9475628
67508,363.1207992
67509,353.8003822
67510,351.9890764
67511,368.2460342
67512,373.7870914
67513,390.8214505
67514,378.9776373
67515,376.0366518
67516,393.8886375
67517,396.7572819
67518,411.9851555
67519,409.1468002
67520,416.6188335
67521,423.57794
67522,385.2673816
67523,374.1852709
67524,375.6482571
67525,342.1945393
67526,325.0926188
67527,324.665063
67528,300.5534238
67529,345.6006229
67530,397.6053652
67531,393.3071613
67532,374.1343946
67533,416.8141189
67534,445.2192323
67535,444.7915761
67536,426.7871883
67537,406.8774444
67538,387.3321997
67539,416.9615039
67540,397.769637
67541,360.3280868
67542,316.2259261
67543,311.6730326
67544,321.912426
67545,332.2193825
67546,344.3950946
67547,336.9426232
67548,357.6646296
67549,347.8866894
67550,340.4627974
67551,371.30126
67552,362.4692808
67553,370.8836768
67554,382.787273
67555,375.2210503
67556,369.8783146
67557,373.7056427
67558,353.2997963
67559,345.9603737
67560,365.2867482
67561,366.6607176
67562,353.0880853
67563,352.3189405
67564,348.8517688
67565,350.2755259
67566,351.0261644
67567,332.4546637
67568,327.7388595
67569,337.8581056
67570,342.7193132
67571,338.6522561
67572,350.9542871
67573,333.2913021
67574,324.4532408
67575,364.1435499
67576,357.5359899
67577,339.9907872
67578,341.0694459
67579,359.4668669
67580,395.0857766
67581,382.3386362
67582,373.7186378
67583,347.7693332
67584,337.7192049
67585,335.9246916
67586,339.097547
67587,337.4219853
67588,331.2023081
67589,329.9079384
67590,345.8770753
67591,365.4123302
67592,339.0310189
67593,324.5560841
67594,321.543484
67595,354.7384744
67596,401.2577212
67597,398.1171064
67598,380.6142575
67599,328.3918446
67600,315.2895309
67601,305.6442661
67602,332.9897129
67603,321.8082007
67604,325.3745162
67605,344.6931792
67606,368.8855091
67607,394.6730884
67608,391.9987902
67609,407.9765891
67610,432.1252228
67611,422.5146958
67612,392.9101868
67613,383.442207
67614,418.1158635
67615,447.5945682
67616,415.3177798
67617,417.9923194
67618,414.2003938
67619,428.8753029
67620,402.6365627
67621,406.3221083
67622,437.0488594
67623,439.7958606
67624,387.324571
67625,360.3853265
67626,351.3611698
67627,336.5855335
67628,352.6564615
67629,368.7705121
67630,371.6155094
67631,390.990529
67632,398.628107
67633,380.0149512
67634,377.0264587
67635,386.5746457
67636,365.8321287
67637,346.427753
67638,329.2556047
67639,339.4033437
67640,357.7028394
67641,380.019393
67642,412.1043339
67643,400.7788867
67644,380.4886759
67645,320.7326729
67646,296.5041653
67647,313.1750533
67648,350.8049737
67649,350.0304453
67650,325.4922976
67651,357.0309337
67652,371.3817069
67653,346.8620147
67654,336.4295925
67655,326.4764786
67656,323.541095
67657,359.3503889
67658,405.7823095
67659,394.1130415
67660,350.9716189
67661,351.3952439
67662,378.6466079
67663,376.6879495
67664,415.6257856
67665,390.4649333
67666,354.4319797
67667,345.4877459
67668,381.0040262
67669,401.897369
67670,342.0055392
67671,360.6532623
67672,396.7672464
67673,353.4822375
67674,341.1382898
67675,382.4664035
67676,427.9885844
67677,414.5107057
67678,350.10886
67679,327.8187122
67680,315.914593
67681,293.5555338
67682,313.7161782
67683,340.0903653
67684,351.3130606
67685,376.067522
67686,357.6601343
67687,348.9693107
67688,369.2811609
67689,322.9812135
67690,356.1555069
67691,378.7204814
67692,381.5171359
67693,370.4395415
67694,353.0392621
67695,367.9465477
67696,396.7499461
67697,379.1281522
67698,333.7017213
67699,283.1663646
67700,271.7073531
67701,264.2688559
67702,261.0841806
67703,265.9593998
67704,309.9826105
67705,335.1779833
67706,326.4503925
67707,356.5903167
67708,375.2929529
67709,359.5153522
67710,363.8906909
67711,368.4255122
67712,383.979785
67713,373.5669226
67714,374.0192732
67715,398.1532775
67716,405.7112792
67717,416.4159428
67718,394.1721771
67719,373.0625662
67720,403.5706771
67721,442.37713
67722,447.6594693
67723,421.0651348
67724,421.6947321
67725,419.9817651
67726,367.9262471
67727,361.2680751
67728,355.1731217
67729,331.8386506
67730,365.0029992
67731,368.020625
67732,328.8140733
67733,311.3402548
67734,343.7969036
67735,439.5327634
67736,470.9939318
67737,368.250492
67738,305.2425175
67739,293.9931847
67740,293.3656487
67741,279.3638735
67742,260.5456878
67743,261.1693894
67744,268.457845
67745,254.2369661
67746,263.5677069
67747,307.5350167
67748,364.2872181
67749,373.7214345
67750,351.7174762
67751,332.8527101
67752,345.4871584
67753,342.5565787
67754,383.0295364
67755,433.818388
67756,383.033404
67757,281.2567264
67758,308.0232256
67759,366.3919109
67760,390.4149814
67761,390.4026662
67762,407.7164625
67763,368.5763971
67764,360.1429949
67765,372.933063
67766,314.7168163
67767,306.1997172
67768,366.0945029
67769,355.7917492
67770,318.5938136
67771,285.9887552
67772,249.6919196
67773,248.9911798
67774,274.1749818
67775,321.4626171
67776,342.414073
67777,341.3258688
67778,311.6256894
67779,311.6800827
67780,366.3370271
67781,376.8235918
67782,347.3545187
67783,315.6064179
67784,294.5671115
67785,338.126864
67786,377.2010769
67787,382.7468001
67788,372.4913021
67789,350.4175515
67790,335.4376754
67791,362.5345418
67792,420.4068166
67793,476.3184929
67794,385.8872246
67795,344.7160512
67796,365.8667479
67797,400.1238271
67798,375.9971792
67799,392.0226196
67800,431.6486157
67801,400.1387266
67802,330.2991844
67803,357.9891855
67804,410.8342531
67805,387.5913316
67806,428.8768128
67807,387.8527725
67808,346.9508873
67809,417.0482413
67810,418.3762004
67811,319.5900986
67812,317.9260608
67813,365.2993169
67814,393.4872944
67815,355.5460784
67816,303.2450696
67817,282.1418819
67818,290.1071414
67819,326.558455
67820,344.3417267
67821,304.3851665
67822,301.677935
67823,323.5250115
67824,382.3739395
67825,420.8649935
67826,438.1839741
67827,389.9230778
67828,373.0256805
67829,370.1393302
67830,356.9439426
67831,434.9519216
67832,465.9370122
67833,381.987602
67834,349.3537298
67835,351.8543464
67836,369.7626418
67837,420.8369286
67838,390.5388523
67839,351.1892093
67840,338.8175968
67841,327.9802702
67842,341.0466218
67843,384.2186857
67844,406.23313
67845,418.1714516
67846,427.4091294
67847,387.1857329
67848,350.39508
67849,389.9084323
67850,430.0139646
67851,414.3514525
67852,310.6668833
67853,276.4210562
67854,315.6330884
67855,341.7517737
67856,354.1193546
67857,434.7125528
67858,386.5296708
67859,316.869202
67860,308.28797
67861,372.9242659
67862,404.1953177
67863,396.734433
67864,418.7868176
67865,423.9072598
67866,358.3242299
67867,393.0866031
67868,356.1705334
67869,334.3337908
67870,356.4530477
67871,430.5104724
67872,468.7652872
67873,443.7414803
67874,455.9265249
67875,443.1084576
67876,336.1586958
67877,322.0048476
67878,366.8664027
67879,342.3176234
67880,325.5315115
67881,394.3826623
67882,468.6822747
67883,470.1784756
67884,400.486578
67885,360.4964833
67886,405.3223412
67887,478.1163973
67888,434.9355916
67889,370.4879034
67890,404.138974
67891,407.4487563
67892,373.2835053
67893,356.3788991
67894,342.1378465
67895,314.7455646
67896,370.1470206
67897,451.995393
67898,437.8290031
67899,447.4876708
67900,469.0389042
67901,474.1368023
67902,450.7912589
67903,426.5433057
67904,376.510346
67905,371.3614003
67906,346.3602726
67907,310.759691
67908,331.3084622
67909,430.825637
67910,402.1459025
67911,360.5570526
67912,315.1357975
67913,306.5660138
67914,311.0221088
67915,331.198472
67916,365.7084441
67917,351.9920044
67918,372.694045
67919,413.7068609
67920,430.3771693
67921,395.4024163
67922,389.1402945
67923,376.7342025
67924,390.5527956
67925,419.4850075
67926,411.7006783
67927,409.2020328
67928,406.1873289
67929,395.4659093
67930,399.1851799
67931,394.5090143
67932,398.6849799
67933,386.0521873
67934,419.9185965
67935,384.2155601
67936,297.4780618
67937,301.8284875
67938,284.2629547
67939,306.9781178
67940,307.8996189
67941,318.7877433
67942,324.9711104
67943,311.9715413
67944,353.461175
67945,376.1410104
67946,365.0407357
67947,399.1142763
67948,447.1764628
67949,440.1820423
67950,436.4661986
67951,453.2936417
67952,436.726608
67953,455.4692816
67954,440.3850993
67955,427.6649333
67956,436.4033756
67957,456.1011175
67958,473.0795154
67959,442.4805963
67960,421.4944421
67961,445.5750251
67962,439.1385801
67963,459.3276334
67964,457.9395863
67965,501.8755198
67966,578.5488546
67967,469.4769345
67968,355.5772433
67969,331.6773936
67970,367.2176836
67971,332.869413
67972,310.9817404
67973,325.3248018
67974,324.2658603
67975,324.7614644
67976,331.580321
67977,341.6585381
67978,331.5599977
67979,329.8916023
67980,414.7238365
67981,391.6952872
67982,324.1528539
67983,382.8484759
67984,417.9612831
67985,469.4833536
67986,419.3718577
67987,357.1541109
67988,322.1526663
67989,309.1525546
67990,289.1396104
67991,273.3317174
67992,287.406993
67993,303.0738909
67994,302.2651733
67995,310.7453868
67996,315.6628088
67997,328.8279235
67998,328.490175
67999,427.3087402
68000,375.7566145
68001,258.5923753
68002,260.6127371
68003,270.900249
68004,306.4026695
68005,312.1487765
68006,366.1150042
68007,413.468755
68008,462.0158048
68009,580.4210807
68010,462.3736665
68011,400.6937145
68012,365.904068
68013,341.7216826
68014,377.9331572
68015,403.6277091
68016,364.0759948
68017,375.7066879
68018,403.0833627
68019,434.583156
68020,440.0095059
68021,468.1746246
68022,493.0679518
68023,495.4867475
68024,454.4810032
68025,425.9744502
68026,399.8806719
68027,344.5164933
68028,357.7931997
68029,350.0760344
68030,321.6566936
68031,366.3994982
68032,384.5162845
68033,374.03935
68034,381.8938518
68035,412.0798949
68036,399.1230308
68037,424.3779718
68038,427.7071258
68039,410.1255789
68040,471.4299569
68041,542.9037517
68042,469.6537798
68043,386.9485521
68044,368.150647
68045,359.8456482
68046,350.6653703
68047,329.9339449
68048,336.0322223
68049,369.42962
68050,433.5764427
68051,420.7658832
68052,374.0492711
68053,340.8591471
68054,355.666841
68055,338.0628559
68056,317.7338126
68057,320.0596503
68058,332.0632849
68059,361.4298373
68060,383.7170027
68061,334.9637366
68062,308.4883624
68063,346.9381286
68064,383.6335658
68065,409.4061662
68066,403.164256
68067,387.1957561
68068,405.5390373
68069,391.2738882
68070,387.2959729
68071,387.7082673
68072,378.5115566
68073,385.7072691
68074,384.6713652
68075,386.9342079
68076,425.3969943
68077,408.6147702
68078,387.9205499
68079,361.8046571
68080,336.9548637
68081,339.4483855
68082,319.2195069
68083,341.5750276
68084,386.4399859
68085,433.4653293
68086,445.5725335
68087,386.6132581
68088,346.2045388
68089,345.469824
68090,384.917495
68091,408.2424885
68092,461.6385543
68093,440.6648663
68094,399.0178363
68095,371.0480309
68096,352.264221
68097,333.6077722
68098,332.400912
68099,327.8951956
68100,348.6244752
68101,364.2547538
68102,405.564617
68103,418.5552868
68104,415.8527791
68105,391.5300517
68106,374.0726605
68107,387.4547256
68108,379.8613586
68109,375.4437136
68110,361.8215296
68111,365.4560085
68112,377.3699012
68113,390.1719955
68114,399.4134593
68115,401.7533059
68116,389.7751855
68117,394.0160112
68118,407.0057685
68119,358.6698567
68120,340.2730298
68121,376.0592128
68122,355.9957138
68123,386.1852128
68124,424.1311423
68125,406.5311812
68126,385.8290367
68127,391.6868131
68128,409.6245261
68129,382.0938274
68130,349.6496658
68131,333.5408157
68132,315.4436896
68133,315.0523304
68134,334.5533071
68135,330.5838648
68136,329.1997
68137,401.1995636
68138,335.1412756
68139,323.6611023
68140,323.2981927
68141,351.6098622
68142,406.8091048
68143,416.9961061
68144,437.2080556
68145,461.4330471
68146,445.4518688
68147,355.6804461
68148,321.8678252
68149,353.0593551
68150,382.8595962
68151,422.8093502
68152,419.8879492
68153,454.5784483
68154,490.6974442
68155,390.9843289
68156,353.4476724
68157,392.0392046
68158,432.7841146
68159,365.6798897
68160,385.4954299
68161,426.1880553
68162,441.4303765
68163,420.1529948
68164,416.9669523
68165,460.5967836
68166,466.8970954
68167,418.995719
68168,353.1632723
68169,377.6387355
68170,387.8269438
68171,420.1535637
68172,412.1443763
68173,400.2366988
68174,404.8624808
68175,417.7184357
68176,492.2280627
68177,430.9397882
68178,415.5214884
68179,441.5286871
68180,458.3321724
68181,405.7912826
68182,326.126087
68183,323.8117763
68184,433.3159539
68185,445.4970739
68186,331.3708656
68187,372.0955721
68188,378.8772464
68189,353.1325776
68190,374.0332323
68191,375.1123506
68192,376.5907188
68193,421.1151474
68194,395.9179611
68195,371.5341264
68196,396.5250653
68197,403.4345693
68198,403.9272249
68199,402.1407896
68200,374.2287142
68201,386.454957
68202,453.7085297
68203,375.8067727
68204,358.8381026
68205,412.5988181
68206,402.495998
68207,390.7267727
68208,379.145643
68209,464.2867884
68210,540.6167667
68211,515.713425
68212,470.2044799
68213,470.8418263
68214,499.7596418
68215,436.1788401
68216,379.8431381
68217,359.1366442
68218,373.6931863
68219,355.3822765
68220,350.897608
68221,357.963198
68222,356.2092384
68223,385.1414958
68224,469.1336717
68225,483.5612721
68226,473.6371044
68227,378.0483695
68228,350.4995204
68229,334.7308082
68230,385.2095189
68231,444.2533501
68232,455.1456829
68233,459.1788321
68234,437.3534966
68235,500.4080332
68236,520.3895964
68237,496.702073
68238,507.2537135
68239,501.0474607
68240,482.2680584
68241,411.5913978
68242,415.2338183
68243,414.2433872
68244,399.9883127
68245,446.7395469
68246,489.741382
68247,418.166904
68248,446.0373538
68249,478.9757708
68250,469.3748495
68251,426.0644441
68252,391.3161239
68253,456.26355
68254,400.9952811
68255,460.7569918
68256,495.9709406
68257,398.5852618
68258,409.8482919
68259,484.8136799
68260,490.7845628
68261,500.4975836
68262,452.2462881
68263,426.7026711
68264,480.3633651
68265,507.4265449
68266,496.2030195
68267,502.2752533
68268,458.2506145
68269,506.987936
68270,501.7449022
68271,461.6274201
68272,421.5957126
68273,504.4593411
68274,525.4392553
68275,501.3928832
68276,470.9087459
68277,422.8199633
68278,406.2341769
68279,408.3834056
68280,442.4324752
68281,467.1206472
68282,464.3226361
68283,486.2095353
68284,480.9895241
68285,496.2774068
68286,486.4135337
68287,461.0175565
68288,472.0621272
68289,483.8766826
68290,505.0567168
68291,503.9407866
68292,458.9824851
68293,451.6918129
68294,496.0460112
68295,521.3931293
68296,485.9056612
68297,463.7789393
68298,452.5742273
68299,465.8435775
68300,511.183003
68301,502.7114873
68302,469.7320495
68303,424.0243362
68304,383.3457484
68305,347.9730679
68306,357.7428448
68307,413.4813531
68308,416.5537994
68309,436.6319708
68310,459.1656299
68311,450.6204671
68312,476.5321286
68313,452.162474
68314,446.7711532
68315,454.9243005
68316,475.9951926
68317,485.3642459
68318,479.5107753
68319,499.8203383
68320,501.9994594
68321,482.3048091
68322,477.4998326
68323,458.2852959
68324,508.2227283
68325,402.5957563
68326,349.8062023
68327,360.999941
68328,400.3471981
68329,402.1689047
68330,410.0860222
68331,420.0011501
68332,445.8788503
68333,449.9930704
68334,476.7120024
68335,473.8698017
68336,495.5752057
68337,497.4941469
68338,488.7678119
68339,478.7845482
68340,478.879594
68341,510.5885748
68342,487.4017124
68343,482.0679832
68344,487.6074965
68345,485.7840484
68346,487.5947034
68347,505.8059415
68348,528.1809055
68349,510.4869069
68350,510.3691239
68351,538.7729612
68352,495.2581381
68353,469.5999654
68354,487.5512115
68355,525.4982522
68356,493.3418423
68357,482.2457139
68358,466.2170488
68359,506.3112979
68360,500.2902167
68361,516.2714709
68362,520.4600319
68363,487.6609037
68364,514.1536494
68365,523.9253016
68366,527.112607
68367,495.9918198
68368,536.8329425
68369,556.3134015
68370,570.8922983
68371,556.0875045
68372,556.7602296
68373,536.5720718
68374,523.4021983
68375,508.0705972
68376,502.5231366
68377,496.5111084
68378,470.1303729
68379,462.4698549
68380,453.0381397
68381,413.8469544
68382,401.4381439
68383,408.724425
68384,417.0700515
68385,433.2549837
68386,442.2645441
68387,428.4728373
68388,432.5211899
68389,449.8901947
68390,458.7079146
68391,459.1376209
68392,435.2397946
68393,449.2880557
68394,511.2814034
68395,498.2627997
68396,467.3948992
68397,473.6077502
68398,486.3271417
68399,462.6342697
68400,494.7650491
68401,532.6131365
68402,491.6168144
68403,455.2153422
68404,373.380432
68405,360.109028
68406,373.0058148
68407,395.3788218
68408,361.7001269
68409,373.1342442
68410,356.6816123
68411,437.8117313
68412,383.323905
68413,449.4076966
68414,508.9992129
68415,515.9936367
68416,422.2375347
68417,379.8960552
68418,384.1841063
68419,452.6457699
68420,505.8468091
68421,453.4746429
68422,450.9689184
68423,443.3668685
68424,452.1595905
68425,452.6703276
68426,471.8014674
68427,488.5644585
68428,486.7058142
68429,461.5167591
68430,442.4832655
68431,418.1698955
68432,474.6207534
68433,365.5905306
68434,364.877558
68435,376.6295057
68436,435.2570165
68437,417.3534342
68438,404.8461799
68439,432.5854445
68440,502.9756216
68441,454.54684
68442,451.8667705
68443,448.7486439
68444,405.8684835
68445,469.1718844
68446,487.7213767
68447,464.4360551
68448,484.0402798
68449,476.4271254
68450,494.6769844
68451,506.338596
68452,494.6573156
68453,491.842487
68454,514.3724921
68455,506.2840527
68456,509.2647152
68457,578.8912026
68458,599.2540363
68459,519.4197398
68460,472.0328249
68461,501.8703845
68462,532.4323001
68463,536.8235771
68464,524.6862086
68465,520.6304343
68466,507.3233219
68467,509.5348776
68468,513.0790844
68469,522.6544679
68470,538.4490221
68471,569.9950685
68472,513.6312877
68473,556.5473819
68474,535.1034978
68475,555.1533637
68476,521.1848525
68477,515.0372502
68478,532.387285
68479,502.6960769
68480,478.2296111
68481,471.3799957
68482,432.2551149
68483,437.0823058
68484,425.5577467
68485,436.5450586
68486,443.1673796
68487,468.2963395
68488,455.1976049
68489,431.5498556
68490,433.2442068
68491,440.1244537
68492,437.9025675
68493,439.4495273
68494,404.8786963
68495,379.9703858
68496,383.4699393
68497,399.848732
68498,429.6118446
68499,452.8470255
68500,476.2536977
68501,487.5703871
68502,494.8911216
68503,491.3302641
68504,514.4418722
68505,449.9152827
68506,514.8690396
68507,523.995934
68508,455.1406533
68509,424.6648377
68510,430.1635831
68511,340.2014876
68512,373.488892
68513,422.6416603
68514,469.4576772
68515,488.4795311
68516,449.2873141
68517,462.9073588
68518,467.6414619
68519,454.3028113
68520,485.1565772
68521,564.3675364
68522,495.5125263
68523,441.0038064
68524,454.1673803
68525,496.8793895
68526,504.5462568
68527,498.7581427
68528,535.6723604
68529,539.0520852
68530,500.6346732
68531,416.488167
68532,391.6280845
68533,398.6908447
68534,411.5088576
68535,421.1921698
68536,378.8656824
68537,356.0159926
68538,308.414606
68539,305.314114
68540,337.7158041
68541,382.7978082
68542,400.4044537
68543,393.6005825
68544,376.6107849
68545,371.7909755
68546,383.2021983
68547,412.0528457
68548,440.8804737
68549,406.9334073
68550,438.731907
68551,470.8501886
68552,494.5436844
68553,495.0355372
68554,517.0506931
68555,515.2552377
68556,533.5304904
68557,515.4571361
68558,526.1641703
68559,540.5840984
68560,540.1992032
68561,561.0522944
68562,597.5662026
68563,635.5639937
68564,738.3575295
68565,739.267581
68566,740.1776325
68567,741.087684
68568,741.9977355
68569,742.907787
68570,743.8178385
68571,744.7278899
68572,745.6379414
68573,746.5479929
68574,747.4580444
68575,748.3680959
68576,749.2781474
68577,750.1881989
68578,655.1704299
68579,674.2617738
68580,637.8307085
68581,599.0379885
68582,549.5556176
68583,537.3109062
68584,509.2046259
68585,507.5007291
68586,510.3475027
68587,498.9467704
68588,482.5832833
68589,472.8379534
68590,498.3394045
68591,489.1673414
68592,512.2612791
68593,488.8947507
68594,469.1909987
68595,464.8526269
68596,473.1674256
68597,451.4480268
68598,478.9106026
68599,483.8031716
68600,418.4634739
68601,440.0798692
68602,425.3220783
68603,464.8098453
68604,508.2623992
68605,404.0379003
68606,337.3185069
68607,356.6674845
68608,373.9948652
68609,379.3712343
68610,484.2683328
68611,476.7142723
68612,464.0487598
68613,463.7835484
68614,455.0719378
68615,410.5034466
68616,370.3851012
68617,415.1331078
68618,376.4463691
68619,374.3393467
68620,410.3672485
68621,379.8548151
68622,402.8273556
68623,403.1617763
68624,421.8322515
68625,458.4236217
68626,375.4416528
68627,397.2238772
68628,490.6807084
68629,410.9844512
68630,366.2946504
68631,345.3975208
68632,387.4765717
68633,443.3586833
68634,452.3967308
68635,363.0486939
68636,319.9427241
68637,415.5693904
68638,436.2988765
68639,326.3636859
68640,337.7299287
68641,468.1153398
68642,440.1676391
68643,407.2550851
68644,396.2881701
68645,516.3213204
68646,447.8349196
68647,450.6888414
68648,484.8891326
68649,457.3554932
68650,460.5635716
68651,478.7146419
68652,406.0128937
68653,355.8518643
68654,418.1944771
68655,464.4762207
68656,354.8085266
68657,365.6851048
68658,364.7185133
68659,412.6691037
68660,492.4986538
68661,558.3025143
68662,492.5917736
68663,330.0112936
68664,346.0161482
68665,337.7884471
68666,461.2206866
68667,439.1078182
68668,275.1735429
68669,294.1991843
68670,308.7721512
68671,411.3289679
68672,442.4225737
68673,362.9066363
68674,400.7432488
68675,328.3873018
68676,474.9422967
68677,515.1035924
68678,484.3925731
68679,608.3931919
68680,378.4289077
68681,412.0364375
68682,575.2666016
68683,361.125127
68684,361.2858082
68685,377.4398945
68686,450.7318049
68687,501.0895994
68688,403.6442472
68689,346.3560513
68690,371.009159
68691,349.9648105
68692,442.1842577
68693,417.4175916
68694,422.1132924
68695,396.5762772
68696,349.5345569
68697,406.3816958
68698,414.4218699
68699,344.0987327
68700,324.5138022
68701,408.9125217
68702,481.3472863
68703,475.3186715
68704,559.5322039
68705,504.6611199
68706,426.5520167
68707,417.2087951
68708,449.9431137
68709,347.6352762
68710,366.2514854
68711,313.3649731
68712,370.9464509
68713,478.4340511
68714,525.4783946
68715,605.5381255
68716,459.8980193
68717,326.4526119
68718,480.9486802
68719,405.7149029
68720,412.3856007
68721,429.4065214
68722,527.1389349
68723,481.9097186
68724,395.2094207
68725,388.5278916
68726,356.6931103
68727,403.4493458
68728,444.2034469
68729,481.0870463
68730,450.5814361
68731,434.8015203
68732,402.2293485
68733,377.5273531
68734,427.8669638
68735,451.8067496
68736,463.9742972
68737,506.4247206
68738,518.2245275
68739,304.9763403
68740,325.4812916
68741,403.3126095
68742,349.4445123
68743,373.9180479
68744,385.582667
68745,273.2085373
68746,328.2222793
68747,332.8754588
68748,342.9462292
68749,383.1770176
68750,380.5212563
68751,324.7991374
68752,297.7475128
68753,449.6100776
68754,438.555265
68755,423.7229286
68756,436.6880705
68757,375.119157
68758,458.4148451
68759,401.8609644
68760,433.7532073
68761,452.02895
68762,502.331247
68763,449.0222741
68764,356.2362241
68765,273.0287657
68766,296.9554371
68767,282.8722047
68768,286.2756381
68769,278.7576879
68770,402.3922783
68771,401.0323235
68772,339.3716417
68773,353.9195763
68774,425.692309
68775,423.6567283
68776,338.3242253
68777,344.4636628
68778,360.4362035
68779,367.185389
68780,308.4622432
68781,293.8200429
68782,362.6006475
68783,475.4955895
68784,519.3029554
68785,489.5271756
68786,401.9800099
68787,378.5251478
68788,392.5637318
68789,428.7176136
68790,439.2406688
68791,471.0518414
68792,512.4777999
68793,394.7506929
68794,412.3790549
68795,381.2976631
68796,310.2543267
68797,372.7326166
68798,379.3316113
68799,383.3080391
68800,435.9278307
68801,432.4925883
68802,423.9147599
68803,463.2943418
68804,393.1361008
68805,438.4972807
68806,389.277623
68807,462.8379369
68808,559.3583822
68809,518.9968657
68810,504.8910652
68811,417.3716537
68812,412.5756031
68813,479.587676
68814,573.5269356
68815,496.7902448
68816,480.8826713
68817,410.1600422
68818,384.2361312
68819,375.3659843
68820,354.9594154
68821,459.4684459
68822,544.5749626
68823,501.7067901
68824,471.0865776
68825,495.5410867
68826,485.3288157
68827,477.6108185
68828,419.4885584
68829,364.4629738
68830,385.5377114
68831,368.6606946
68832,382.3578687
68833,437.9717714
68834,412.8052718
68835,392.3149464
68836,380.0139384
68837,428.1705545
68838,495.1308051
68839,386.5672943
68840,403.1220016
68841,390.1915711
68842,267.8305971
68843,272.5894888
68844,267.6594188
68845,235.4227268
68846,311.9155899
68847,399.1763764
68848,479.3218219
68849,557.9678161
68850,597.1162869
68851,596.9790717
68852,514.0684034
68853,542.8650477
68854,516.4924035
68855,451.2163948
68856,431.7458982
68857,450.6717987
68858,408.917745
68859,377.4188848
68860,387.6575331
68861,434.6605306
68862,356.0960432
68863,337.0213864
68864,316.8970688
68865,369.3050072
68866,395.3448361
68867,417.299964
68868,412.9958542
68869,465.3469388
68870,566.6512537
68871,507.6218923
68872,452.4996796
68873,275.8260442
68874,267.2503786
68875,296.0983344
68876,328.9450515
68877,332.9505254
68878,438.6855085
68879,462.0615606
68880,506.651535
68881,391.6559184
68882,352.1329839
68883,348.4537571
68884,398.5930752
68885,353.5306584
68886,427.8103529
68887,421.2712608
68888,388.7830556
68889,428.6590588
68890,421.8344199
68891,435.9989485
68892,472.8460919
68893,464.3444705
68894,428.9365729
68895,369.9051581
68896,303.487609
68897,360.5558652
68898,392.57342
68899,342.6667722
68900,306.0975994
68901,295.8185104
